date,value
4/11/94,10
11/25/02,10
5/10/04,10.1
11/4/77,10.1
11/17/97,10.1
5/14/03,10.2
10/25/00,10.3
5/14/08,10.3
10/29/97,10.3
3/21/90,10.3
4/28/03,10.3
4/5/06,10.4
11/19/04,10.4
9/24/96,10.5
12/3/75,10.5
10/29/75,10.5
5/25/05,10.6
10/27/92,10.6
11/9/79,10.6
4/14/05,10.6
4/17/07,10.6
5/3/11,10.7
10/26/09,10.7
9/29/99,10.7
4/19/17,10.7
11/27/95,10.7
4/19/01,10.7
5/8/79,10.8
11/7/90,10.8
11/3/09,10.9
10/26/98,10.9
11/6/13,10.9
11/6/85,10.9
11/15/74,11
6/6/78,11
10/12/06,11
3/17/76,11
9/30/09,11
5/8/12,11
5/11/92,11.1
5/13/91,11.1
5/20/91,11.1
9/29/82,11.2
4/22/97,11.2
10/23/02,11.2
9/19/07,11.2
6/17/91,11.2
3/25/15,11.2
11/30/94,11.3
4/6/04,11.3
10/12/98,11.3
11/2/10,11.3
5/17/11,11.3
4/14/92,11.4
10/30/97,11.5
4/29/02,11.5
5/24/00,11.5
5/15/00,11.6
9/29/82,11.6
4/13/00,11.7
10/26/76,11.7
10/20/16,11.7
9/27/00,11.7
9/14/92,11.7
5/28/09,11.8
6/3/91,11.9
10/16/81,12
6/6/78,12
3/23/92,12
11/1/16,12
6/8/76,12
6/8/76,12
6/4/97,12
4/20/10,12
5/6/08,12
11/4/08,12
8/7/02,12.1
6/16/04,12.1
4/18/92,12.1
10/24/79,12.1
6/7/06,12.2
9/29/82,12.2
3/17/05,12.3
11/4/93,12.4
7/14/99,12.4
6/20/01,12.5
6/7/00,12.5
7/23/08,12.5
3/17/76,12.5
9/20/77,12.5
11/6/18,12.6
6/8/98,12.6
10/21/91,12.6
5/29/03,12.6
4/27/04,12.6
5/9/17,12.7
6/21/00,12.7
10/12/92,12.7
7/1/09,12.7
6/24/91,12.8
10/14/91,12.8
9/28/92,12.8
8/24/98,12.8
3/16/76,12.8
9/29/82,12.8
5/7/14,12.8
5/8/07,12.9
6/11/03,12.9
10/7/91,12.9
4/20/15,12.9
6/15/92,13
7/19/00,13
7/8/97,13
6/10/09,13
10/21/08,13
6/30/04,13
5/8/81,13
10/23/00,13
8/16/06,13.1
9/15/99,13.1
7/30/03,13.1
5/13/96,13.1
5/27/77,13.2
10/25/94,13.2
4/20/83,13.2
9/16/82,13.2
9/16/82,13.2
9/10/96,13.2
1/21/98,13.3
1/21/98,13.3
9/29/04,13.4
7/6/06,13.4
9/24/03,13.4
6/22/98,13.4
10/18/11,13.4
10/1/08,13.5
9/13/00,13.5
9/23/91,13.5
9/16/82,13.5
1/16/98,13.5
1/16/98,13.5
5/22/12,13.6
9/27/06,13.6
8/30/00,13.6
6/25/98,13.6
4/1/98,13.6
10/13/82,13.7
10/7/97,13.7
10/21/02,13.7
7/9/03,13.7
7/13/05,13.7
10/13/82,13.8
9/29/82,13.8
9/29/82,13.8
10/21/97,13.8
7/15/09,13.8
8/22/07,13.8
8/2/00,13.8
9/8/92,13.8
5/21/19,13.8
10/8/19,13.9
4/2/98,13.9
4/2/98,13.9
10/17/97,13.9
10/13/82,13.9
9/8/05,13.9
5/8/90,14
10/5/89,14
10/13/82,14
10/13/82,14
9/3/75,14
9/3/75,14
1/26/98,14
7/26/95,14
9/10/96,14
6/24/98,14
7/26/07,14
6/24/98,14
10/3/89,14.1
10/9/97,14.1
10/10/97,14.1
8/10/98,14.1
10/1/97,14.1
7/28/99,14.2
6/15/10,14.2
10/2/75,14.2
6/2/80,14.2
10/8/97,14.2
7/20/95,14.2
8/6/93,14.2
8/27/03,14.3
7/18/95,14.3
5/3/77,14.3
4/7/98,14.3
9/10/96,14.4
7/22/97,14.4
9/3/97,14.4
8/5/09,14.4
10/12/82,14.4
10/12/82,14.4
6/14/00,14.4
9/19/78,14.5
10/22/97,14.5
10/22/97,14.5
7/17/95,14.5
6/24/98,14.5
8/26/04,14.5
9/16/91,14.5
9/10/96,14.5
10/13/05,14.6
6/17/82,14.6
10/15/01,14.6
10/13/82,14.6
4/20/98,14.7
9/10/96,14.7
10/1/75,14.8
10/19/04,14.9
10/13/82,14.9
9/4/03,14.9
6/24/98,14.9
7/24/02,14.9
7/10/02,14.9
9/16/82,15
10/16/97,15
1/22/98,15
5/27/82,15
5/7/13,15
8/14/03,15
5/22/07,15.1
7/9/08,15.1
6/1/92,15.1
6/21/11,15.1
10/6/97,15.2
5/22/80,15.2
5/24/88,15.3
10/13/78,15.3
5/20/13,15.3
6/10/91,15.4
8/6/08,15.4
6/13/85,15.5
10/13/82,15.5
9/24/86,15.5
1/29/98,15.6
1/29/98,15.6
10/5/89,15.6
5/26/92,15.6
5/4/15,15.6
10/23/97,15.7
9/21/92,15.8
5/18/16,15.9
7/29/91,15.9
12/15/09,1.6
9/29/75,16
6/19/84,16
6/13/06,16
10/1/75,16
10/13/82,16.1
7/28/92,16.1
10/5/89,16.2
10/24/97,16.3
5/5/98,16.5
6/2/81,16.5
6/22/82,16.5
10/21/15,16.6
4/23/98,16.6
4/23/98,16.6
4/22/98,16.7
4/22/98,16.7
6/21/83,16.8
5/31/94,16.8
10/12/82,16.8
6/5/18,16.8
6/11/01,16.9
9/22/76,16.9
6/6/78,17
6/17/82,17
6/22/82,17
5/12/92,17
6/22/82,17.1
5/20/97,17.1
6/22/82,17.1
6/22/82,17.1
6/16/09,17.1
6/22/82,17.2
6/22/82,17.2
9/18/12,17.2
8/10/92,17.2
7/20/92,17.3
6/2/97,17.4
9/11/00,17.5
6/6/78,17.5
8/19/91,17.6
9/21/10,17.8
6/22/82,17.8
9/18/74,17.8
6/6/78,17.8
9/18/74,17.8
9/18/74,17.8
6/17/82,17.8
6/17/94,17.8
9/18/74,17.8
6/22/82,17.8
9/18/74,17.8
9/18/74,17.8
9/18/74,17.9
9/18/74,17.9
9/18/74,17.9
9/18/74,17.9
9/18/74,17.9
9/18/74,17.9
9/18/74,17.9
10/2/01,17.9
9/18/74,17.9
9/18/74,17.9
9/18/74,17.9
10/12/82,18
9/19/74,18
9/19/74,18
9/19/74,18
9/19/74,18
9/19/74,18
9/19/74,18
9/19/74,18
9/19/74,18
9/19/74,18
9/19/74,18
9/19/74,18
9/19/74,18
9/19/74,18
9/19/74,18
9/19/74,18
9/19/74,18
9/19/74,18
9/17/74,18
9/19/74,18
9/19/74,18
9/19/74,18
9/19/74,18
9/17/74,18
9/17/74,18
9/17/74,18
9/17/74,18
9/17/74,18
9/17/74,18
9/18/74,18
9/17/74,18
9/17/74,18
9/18/74,18
9/18/74,18
9/18/74,18
9/18/74,18
9/18/74,18
9/18/74,18
9/18/74,18
9/18/74,18
9/18/74,18
6/22/82,18
6/22/78,18
6/22/78,18
6/22/78,18
6/22/78,18
6/22/78,18
6/22/78,18
6/22/78,18
6/22/78,18
6/22/78,18
6/22/78,18
6/22/78,18
6/22/78,18
6/22/78,18
6/22/78,18
6/6/78,18
9/18/74,18.1
9/17/74,18.1
9/17/74,18.1
9/19/74,18.1
9/19/74,18.1
9/19/74,18.1
9/17/74,18.1
9/17/74,18.1
6/22/78,18.1
6/15/16,18.1
9/17/74,18.2
6/22/78,18.2
6/6/78,18.2
9/17/74,18.2
9/18/74,18.2
9/19/74,18.2
9/19/74,18.2
9/17/74,18.2
9/18/74,18.2
9/18/74,18.2
9/18/74,18.2
6/22/78,18.2
9/17/74,18.2
9/17/74,18.2
6/6/78,18.3
9/19/74,18.3
9/19/74,18.3
9/17/74,18.3
9/19/74,18.3
9/17/74,18.4
6/17/96,18.4
9/13/99,18.4
8/17/92,18.4
9/17/74,18.5
9/17/74,18.5
6/22/82,18.5
7/7/75,18.5
6/6/78,18.5
6/6/78,18.5
6/6/78,18.5
9/19/74,18.5
6/6/78,18.5
6/6/78,18.5
9/17/74,18.6
6/22/82,18.6
7/19/11,18.6
8/29/77,18.7
6/6/78,18.7
9/17/74,18.8
9/19/74,18.8
10/12/82,18.8
9/17/74,18.8
9/17/74,18.8
9/23/14,18.8
7/7/82,18.9
9/17/79,18.9
6/6/78,19
6/6/78,19
6/6/78,19
6/6/78,19
6/6/78,19
6/6/78,19
6/6/78,19
6/6/78,19
9/17/74,19
9/17/74,19
9/17/74,19
9/17/74,19
9/17/74,19
9/17/74,19
9/17/74,19
6/17/82,19
7/21/82,19
6/22/82,19
6/6/78,19
7/7/82,19
9/18/07,19
9/15/09,19
6/12/79,19.1
6/6/78,19.1
6/6/78,19.1
6/23/03,19.1
7/15/93,19.1
7/7/82,19.1
6/6/78,19.2
6/6/78,19.2
7/7/82,19.2
7/7/82,19.2
9/24/82,19.2
9/24/82,19.2
6/22/82,19.2
7/7/82,19.2
7/7/82,19.2
7/7/82,19.2
9/17/74,19.2
9/2/08,19.2
9/13/94,19.3
9/13/94,19.3
9/13/94,19.3
6/6/78,19.3
6/6/78,19.3
7/7/82,19.3
6/22/82,19.4
6/6/78,19.4
7/29/82,19.5
9/16/82,19.5
7/24/73,19.5
9/13/94,19.5
9/13/94,19.5
7/7/82,19.5
9/24/82,19.5
9/24/82,19.5
9/24/82,19.5
8/5/82,19.6
9/13/94,19.6
7/29/82,19.6
7/29/82,19.6
7/29/82,19.6
9/17/74,19.7
9/13/94,19.7
9/6/11,19.8
8/13/82,19.8
7/24/73,19.8
7/7/82,19.8
10/12/82,19.8
8/13/82,19.8
7/24/73,19.8
8/13/82,19.8
8/13/82,19.8
7/15/82,19.9
7/15/82,19.9
9/9/74,19.9
7/15/82,19.9
9/17/74,19.9
7/15/82,19.9
9/21/15,20
6/17/82,20
7/15/82,20
6/6/78,20
6/6/78,20
6/6/78,20
6/22/82,20
8/5/82,20
7/24/73,20
7/24/73,20
7/24/73,20
7/24/73,20
7/24/73,20
7/24/73,20
7/24/73,20
6/22/82,20
7/7/82,20.1
7/7/82,20.1
5/13/87,20.1
8/14/75,20.1
8/13/82,20.2
7/15/82,20.2
7/24/73,20.2
8/13/82,20.2
7/15/82,20.2
8/13/82,20.2
7/25/73,20.2
8/24/88,20.2
7/24/73,20.2
8/13/82,20.2
9/10/74,20.2
8/19/82,20.3
8/13/82,20.3
8/19/82,20.3
8/21/78,20.4
6/29/82,20.4
7/24/73,20.4
8/19/82,20.4
7/15/82,20.5
8/20/82,20.5
8/20/82,20.5
8/20/82,20.5
10/12/82,20.5
7/25/73,20.5
7/25/73,20.5
7/25/73,20.5
7/24/73,20.5
7/24/73,20.5
7/24/73,20.5
7/24/73,20.5
7/24/73,20.5
7/24/73,20.5
6/22/82,20.5
6/22/82,20.5
7/29/82,20.5
7/29/82,20.5
9/15/82,20.5
7/8/19,20.6
7/20/10,20.6
8/18/09,20.6
9/10/96,20.6
10/12/82,20.6
8/20/79,20.7
7/21/82,20.7
8/28/96,20.7
6/29/82,20.7
7/24/73,20.8
9/15/82,20.8
9/15/82,20.8
9/15/82,20.8
10/12/82,20.8
6/17/82,20.8
6/29/82,20.8
7/24/73,20.8
6/29/82,20.8
6/29/82,20.8
7/21/82,20.8
6/29/82,20.8
9/10/03,20.8
7/8/96,20.8
7/24/12,20.9
8/25/98,20.9
6/29/82,20.9
7/21/82,20.9
7/21/82,20.9
7/25/73,21
7/25/73,21
7/25/73,21
7/25/73,21
7/25/73,21
7/25/73,21
7/25/73,21
7/29/82,21
7/25/73,21
7/25/73,21
7/25/73,21
7/21/82,21
7/24/81,21
7/21/82,21
7/24/73,21
7/24/73,21
7/24/73,21
7/24/73,21
7/24/73,21
7/24/73,21
7/24/73,21
7/24/73,21
7/24/73,21
7/24/73,21
7/24/73,21
7/24/73,21
8/5/93,21
6/29/82,21
7/21/82,21
8/5/93,21
7/21/82,21
9/15/82,21
7/26/73,21
6/17/82,21
7/26/73,21
6/29/82,21
7/26/73,21
7/21/82,21
7/29/82,21
7/26/73,21
7/26/73,21
6/29/82,21
6/29/82,21
6/29/82,21
8/20/82,21
7/26/73,21
10/12/82,21
10/12/82,21
10/12/82,21
9/10/74,21
7/12/12,21
8/5/93,21.1
8/5/93,21.1
8/19/82,21.1
7/20/82,21.1
8/5/93,21.1
9/24/82,21.1
8/5/93,21.1
8/5/93,21.1
8/5/93,21.1
8/5/93,21.1
7/24/73,21.2
7/7/09,21.2
7/25/73,21.2
7/24/73,21.2
7/24/73,21.2
7/25/73,21.2
7/25/73,21.2
7/25/73,21.2
7/25/73,21.2
7/25/73,21.2
7/25/73,21.2
7/24/73,21.2
7/25/73,21.2
7/25/73,21.2
7/20/82,21.2
6/29/82,21.2
7/25/73,21.2
7/31/86,21.2
7/24/73,21.2
7/24/73,21.2
7/25/73,21.2
7/25/73,21.2
7/20/16,21.2
7/20/82,21.3
7/25/73,21.3
7/30/76,21.3
8/15/80,21.3
6/29/82,21.3
8/5/93,21.4
7/20/82,21.4
7/10/18,21.5
9/24/82,21.5
7/24/73,21.5
7/26/73,21.5
6/29/82,21.5
7/26/73,21.5
7/24/73,21.5
7/26/73,21.5
7/24/73,21.5
7/26/73,21.5
7/25/73,21.5
7/26/73,21.5
7/24/73,21.5
7/26/73,21.5
7/20/82,21.5
8/7/74,21.5
7/26/73,21.5
7/26/73,21.5
7/26/73,21.5
7/26/73,21.5
7/26/73,21.5
7/26/73,21.5
7/26/73,21.5
7/25/73,21.5
7/26/73,21.5
7/26/73,21.5
7/26/73,21.5
7/25/73,21.5
7/26/73,21.5
7/26/73,21.5
8/27/82,21.5
7/26/73,21.5
7/25/73,21.5
7/26/73,21.5
7/24/73,21.5
7/24/73,21.5
7/26/73,21.5
7/25/73,21.5
7/26/73,21.5
7/24/73,21.5
6/22/82,21.5
7/24/73,21.5
7/24/73,21.5
7/26/73,21.5
7/26/73,21.5
7/25/73,21.5
7/24/73,21.5
7/24/73,21.5
7/25/73,21.5
7/24/73,21.5
7/26/73,21.5
7/24/73,21.5
6/22/82,21.5
7/29/82,21.5
7/24/73,21.5
7/24/73,21.5
7/24/73,21.5
7/26/73,21.5
7/25/73,21.5
7/26/73,21.5
7/26/73,21.5
7/26/73,21.5
7/26/73,21.5
7/24/73,21.5
7/26/73,21.6
8/28/91,21.6
7/26/73,21.6
7/21/09,21.7
8/2/99,21.7
9/24/82,21.7
7/24/73,21.7
7/25/73,21.8
7/25/73,21.8
7/25/73,21.8
9/24/82,21.8
7/26/73,21.8
7/25/73,21.8
7/29/82,21.8
6/6/78,21.8
8/7/74,21.8
7/25/73,21.8
9/24/82,21.8
7/24/73,21.8
8/7/74,21.8
7/25/73,21.8
7/26/73,21.8
7/24/73,21.8
7/25/73,21.8
7/25/73,21.8
7/16/91,21.8
7/26/73,21.8
7/25/73,21.8
8/17/10,21.9
8/19/13,21.9
7/21/82,21.9
7/24/73,21.9
7/20/82,21.9
8/20/82,21.9
8/5/82,21.9
7/24/73,21.9
7/24/73,21.9
2/25/03,2.2
11/24/82,2.2
8/7/74,22
8/7/74,22
7/24/73,22
7/24/73,22
7/24/73,22
7/24/73,22
7/24/73,22
7/24/73,22
7/24/73,22
7/24/73,22
7/24/73,22
7/24/73,22
7/24/73,22
7/24/73,22
7/24/73,22
7/24/73,22
7/24/73,22
7/24/73,22
7/24/73,22
7/24/73,22
7/24/73,22
7/24/73,22
7/24/73,22
7/24/73,22
7/24/73,22
7/24/73,22
7/24/73,22
7/24/73,22
7/24/73,22
7/24/73,22
7/24/73,22
7/24/73,22
7/24/73,22
7/24/73,22
7/25/73,22
7/25/73,22
7/25/73,22
7/25/73,22
7/25/73,22
7/25/73,22
7/25/73,22
7/25/73,22
7/25/73,22
7/25/73,22
7/25/73,22
7/25/73,22
7/25/73,22
7/25/73,22
7/25/73,22
7/25/73,22
7/25/73,22
7/25/73,22
7/25/73,22
7/25/73,22
7/25/73,22
7/25/73,22
7/25/73,22
7/25/73,22
7/25/73,22
7/25/73,22
7/25/73,22
7/25/73,22
7/25/73,22
7/25/73,22
7/25/73,22
7/25/73,22
7/25/73,22
7/25/73,22
7/25/73,22
7/26/73,22
7/26/73,22
7/26/73,22
7/26/73,22
7/26/73,22
7/26/73,22
7/24/73,22
7/24/73,22
7/24/73,22
7/24/73,22
7/24/73,22
7/24/73,22
7/24/73,22
7/24/73,22
7/24/73,22
7/24/73,22
7/24/73,22
8/6/74,22
7/24/73,22
7/24/73,22
7/25/73,22
7/25/73,22
7/25/73,22
7/25/73,22
7/25/73,22
7/25/73,22
7/25/73,22
7/25/73,22
7/25/73,22
7/25/73,22
7/25/73,22
7/25/73,22
7/25/73,22
7/25/73,22
7/25/73,22
7/26/73,22
7/26/73,22
7/26/73,22
7/26/73,22
7/26/73,22
7/26/73,22
7/26/73,22
7/26/73,22
7/26/73,22
7/26/73,22
7/26/73,22
7/26/73,22
7/26/73,22
7/26/73,22
7/26/73,22
7/26/73,22
7/26/73,22
7/26/73,22
7/26/73,22
7/26/73,22
7/26/73,22
7/26/73,22
7/26/73,22
7/26/73,22
7/26/73,22
7/26/73,22
7/26/73,22
7/26/73,22
7/26/73,22
7/26/73,22
7/26/73,22
7/26/73,22
7/26/73,22
7/26/73,22
7/26/73,22
7/26/73,22
7/26/73,22
7/26/73,22
7/26/73,22
7/24/73,22
8/6/74,22
7/25/73,22
7/25/73,22
7/25/73,22
7/25/73,22
6/22/82,22
7/7/92,22
7/26/73,22
7/25/73,22
7/25/73,22
7/25/73,22
7/25/73,22
7/26/73,22
7/26/73,22
7/25/73,22
7/25/73,22
7/26/73,22
7/26/73,22
7/26/73,22
7/26/73,22
7/26/73,22
7/26/73,22
7/26/73,22
7/24/73,22
7/24/73,22
7/24/73,22
7/24/73,22
7/24/73,22
7/24/73,22
7/24/73,22
7/24/73,22
7/24/73,22
7/24/73,22
7/24/73,22
7/24/73,22
7/24/73,22
7/24/73,22
7/24/73,22
7/24/73,22
7/24/73,22
7/25/73,22
7/25/73,22
7/25/73,22
7/25/73,22
7/25/73,22
7/25/73,22
7/25/73,22
7/25/73,22
7/25/73,22
7/25/73,22
7/25/73,22
7/25/73,22
7/25/73,22
7/25/73,22
7/25/73,22
7/25/73,22
7/25/73,22
7/25/73,22
7/25/73,22
7/25/73,22
6/29/82,22
8/7/74,22
8/7/74,22
6/29/82,22
8/27/82,22
8/27/82,22
8/7/74,22
8/6/74,22
9/4/07,22.1
7/26/73,22.1
7/26/73,22.1
7/20/82,22.1
8/20/82,22.1
7/29/77,22.1
6/22/82,22.1
7/26/73,22.2
8/7/74,22.2
7/25/73,22.2
7/24/73,22.2
7/25/73,22.2
7/25/73,22.2
7/25/73,22.2
7/24/73,22.2
7/24/73,22.2
7/25/73,22.2
7/24/73,22.2
7/25/73,22.2
8/6/74,22.2
7/24/73,22.2
7/25/73,22.2
7/24/73,22.2
7/26/73,22.2
7/25/73,22.2
7/24/73,22.2
7/26/73,22.2
7/26/73,22.2
7/25/73,22.2
7/24/73,22.2
8/9/95,22.2
7/24/73,22.2
7/26/73,22.2
7/24/73,22.2
8/20/82,22.2
7/24/73,22.2
7/25/73,22.2
7/24/73,22.2
7/25/73,22.2
7/24/73,22.2
7/24/73,22.2
7/26/73,22.2
7/24/73,22.2
7/26/73,22.2
7/24/73,22.2
7/24/73,22.2
7/24/73,22.2
7/25/73,22.2
7/25/73,22.2
7/26/73,22.2
7/25/73,22.2
7/25/73,22.2
7/24/73,22.2
7/24/73,22.2
7/26/73,22.2
7/24/73,22.2
7/25/73,22.2
7/24/73,22.2
7/26/73,22.2
7/26/73,22.2
7/24/73,22.2
7/26/73,22.2
7/25/73,22.2
7/25/73,22.2
7/26/73,22.2
7/26/73,22.2
7/26/73,22.2
7/26/73,22.2
7/24/73,22.2
7/25/73,22.2
7/24/73,22.2
7/25/73,22.2
7/25/73,22.2
7/24/73,22.2
7/25/73,22.2
7/25/73,22.2
7/25/73,22.2
7/25/73,22.2
7/25/73,22.2
8/7/74,22.2
7/25/73,22.2
7/25/73,22.2
7/24/73,22.2
7/25/73,22.2
7/26/73,22.2
7/25/73,22.2
7/26/73,22.2
8/20/82,22.2
7/24/73,22.2
7/24/73,22.3
7/24/73,22.3
7/24/73,22.3
7/24/73,22.3
7/24/73,22.3
7/25/73,22.3
7/24/73,22.3
7/24/73,22.3
7/25/73,22.3
7/24/00,22.3
7/24/73,22.3
7/24/73,22.3
7/24/73,22.3
7/24/73,22.3
7/24/73,22.3
7/24/73,22.3
7/24/73,22.3
7/24/73,22.3
7/24/73,22.3
7/24/73,22.3
7/26/73,22.3
8/20/82,22.3
7/26/73,22.3
7/24/73,22.3
7/26/73,22.3
7/24/73,22.3
7/25/73,22.3
7/24/73,22.3
7/24/73,22.3
7/21/82,22.3
7/24/73,22.3
8/9/06,22.3
7/24/73,22.3
7/24/73,22.3
7/24/73,22.3
7/24/73,22.3
7/24/73,22.3
7/24/73,22.3
7/25/73,22.4
7/25/73,22.4
7/25/73,22.4
7/26/73,22.4
7/26/73,22.4
7/26/73,22.4
7/25/73,22.4
7/25/73,22.4
7/25/73,22.4
7/25/73,22.4
7/26/73,22.4
7/25/73,22.4
7/26/73,22.4
7/26/73,22.4
7/25/73,22.4
7/25/73,22.4
7/26/73,22.4
7/25/73,22.4
7/26/73,22.4
7/26/73,22.4
7/26/73,22.4
7/26/73,22.4
7/25/73,22.4
7/24/73,22.4
7/25/73,22.4
7/26/73,22.4
8/17/92,22.4
7/26/73,22.4
7/24/73,22.4
7/26/73,22.4
7/26/73,22.4
7/26/73,22.4
7/26/73,22.4
7/25/73,22.4
7/26/73,22.4
7/26/73,22.4
7/24/73,22.4
7/26/73,22.4
7/26/73,22.4
7/25/73,22.4
7/25/73,22.4
7/26/73,22.4
8/8/94,22.4
7/26/73,22.4
7/26/73,22.4
7/26/73,22.4
7/25/73,22.4
7/25/73,22.4
7/26/73,22.4
7/26/73,22.4
7/26/73,22.4
7/26/73,22.4
7/25/73,22.4
7/25/73,22.4
7/25/73,22.4
7/26/73,22.4
7/25/73,22.4
7/25/73,22.4
7/26/73,22.4
7/26/73,22.4
7/24/73,22.4
7/26/73,22.4
7/26/73,22.4
7/26/73,22.4
7/25/73,22.4
7/26/73,22.4
7/25/73,22.4
7/26/73,22.4
7/24/73,22.4
7/25/73,22.4
7/26/73,22.4
8/17/92,22.4
7/26/73,22.4
7/26/73,22.4
7/26/73,22.4
6/22/82,22.4
7/26/73,22.4
7/26/73,22.4
7/26/73,22.4
8/6/74,22.5
7/26/73,22.5
7/26/73,22.5
7/24/73,22.5
7/24/73,22.5
7/24/73,22.5
9/24/82,22.5
7/24/73,22.5
8/6/74,22.5
7/24/73,22.5
7/24/73,22.5
7/24/73,22.5
7/26/73,22.5
7/24/73,22.5
7/24/73,22.5
7/24/73,22.5
7/24/73,22.5
8/7/74,22.5
7/24/73,22.5
7/24/73,22.5
7/24/73,22.5
7/24/73,22.5
7/24/73,22.5
8/7/74,22.5
7/24/73,22.5
7/24/73,22.5
8/7/74,22.5
7/24/73,22.5
7/26/73,22.5
7/24/73,22.5
7/24/73,22.5
7/25/73,22.5
7/24/73,22.5
7/24/73,22.5
7/24/73,22.5
7/25/73,22.5
7/25/73,22.5
7/24/73,22.5
7/24/73,22.5
7/24/73,22.5
7/24/73,22.5
7/25/73,22.5
7/24/73,22.5
7/25/73,22.5
7/24/73,22.5
7/24/73,22.5
7/24/73,22.5
7/24/73,22.5
7/24/73,22.5
7/24/73,22.5
7/24/73,22.5
7/26/73,22.5
7/24/73,22.5
7/26/73,22.5
7/25/73,22.5
7/24/73,22.5
7/25/73,22.5
7/24/73,22.5
7/24/73,22.5
7/24/73,22.5
7/24/73,22.5
7/25/73,22.5
7/26/73,22.5
7/24/73,22.5
7/24/73,22.5
7/24/73,22.5
7/25/73,22.5
7/26/73,22.5
7/24/73,22.5
7/25/73,22.5
7/24/73,22.5
7/24/73,22.5
7/25/73,22.5
7/25/73,22.5
7/25/73,22.5
7/25/73,22.5
7/25/73,22.5
7/24/73,22.5
7/26/73,22.5
7/24/73,22.5
7/24/73,22.5
7/24/73,22.5
7/24/73,22.5
7/24/73,22.5
7/24/73,22.5
7/24/73,22.5
7/25/73,22.5
8/6/74,22.5
7/24/73,22.5
7/25/73,22.5
7/24/73,22.5
7/24/73,22.5
7/25/73,22.5
7/25/73,22.5
7/25/73,22.5
7/25/73,22.5
9/15/82,22.5
7/25/73,22.5
7/24/73,22.5
7/25/73,22.5
7/25/73,22.5
7/25/73,22.5
7/25/73,22.5
7/25/73,22.5
7/25/73,22.5
7/25/73,22.5
7/24/73,22.5
7/25/73,22.5
7/25/73,22.5
7/25/73,22.5
7/25/73,22.5
7/25/73,22.5
7/25/73,22.5
7/24/73,22.5
7/25/73,22.5
7/25/73,22.5
7/25/73,22.5
7/25/73,22.5
7/25/73,22.5
7/25/73,22.5
7/25/73,22.5
7/25/73,22.5
7/25/73,22.5
7/24/73,22.5
7/25/73,22.5
7/25/73,22.5
9/15/82,22.5
7/25/73,22.5
7/25/73,22.5
7/25/73,22.5
7/25/73,22.5
7/25/73,22.5
7/25/73,22.5
7/25/73,22.5
7/25/73,22.5
7/25/73,22.5
7/25/73,22.5
7/25/73,22.5
7/25/73,22.5
7/25/73,22.5
7/25/73,22.5
7/24/73,22.5
7/25/73,22.5
7/25/73,22.5
8/17/92,22.5
7/25/73,22.5
7/25/73,22.5
7/25/73,22.5
8/17/92,22.5
7/25/73,22.5
8/17/92,22.5
8/17/92,22.5
7/25/73,22.5
7/26/73,22.5
7/26/73,22.5
7/25/73,22.5
7/26/73,22.5
7/25/73,22.5
8/17/92,22.5
7/25/73,22.5
7/25/73,22.5
7/24/73,22.5
7/25/73,22.5
7/24/73,22.5
7/25/73,22.5
7/24/73,22.5
7/24/73,22.5
7/24/73,22.5
7/24/73,22.5
7/26/73,22.5
7/26/73,22.5
7/26/73,22.5
7/24/73,22.5
7/26/73,22.5
7/26/73,22.5
7/26/73,22.5
7/26/73,22.5
7/26/73,22.5
7/26/73,22.5
7/25/73,22.5
7/24/73,22.5
7/26/73,22.5
7/26/73,22.5
7/26/73,22.5
7/26/73,22.5
7/24/73,22.5
7/24/73,22.5
7/26/73,22.5
7/24/73,22.5
7/24/73,22.5
7/26/73,22.5
7/26/73,22.5
7/26/73,22.5
7/26/73,22.5
7/24/73,22.5
7/26/73,22.5
7/26/73,22.5
7/26/73,22.5
7/24/73,22.5
7/25/73,22.5
7/24/73,22.5
7/24/73,22.5
7/24/73,22.5
7/25/73,22.5
7/24/73,22.5
7/24/73,22.5
7/24/73,22.5
7/24/73,22.5
7/24/73,22.5
7/24/73,22.5
7/24/73,22.5
7/25/73,22.5
7/24/73,22.5
7/25/73,22.6
7/26/73,22.6
7/23/73,22.6
7/24/73,22.6
7/25/73,22.6
9/15/82,22.6
7/23/73,22.6
7/23/73,22.6
7/24/73,22.6
7/23/73,22.6
7/23/73,22.6
7/23/73,22.6
7/23/73,22.6
7/24/73,22.6
7/23/73,22.6
7/24/73,22.6
7/23/73,22.6
7/23/73,22.6
7/23/73,22.6
9/15/82,22.6
7/24/73,22.6
7/25/73,22.6
7/24/73,22.6
7/25/73,22.6
7/25/73,22.6
7/24/73,22.6
7/23/73,22.6
7/25/73,22.6
7/23/73,22.6
7/24/73,22.6
7/23/73,22.6
7/23/73,22.6
7/24/73,22.6
7/23/73,22.6
7/23/73,22.6
7/23/73,22.6
7/24/73,22.6
7/25/73,22.6
7/23/73,22.6
7/24/73,22.6
7/24/73,22.6
7/25/73,22.6
7/25/73,22.6
7/26/73,22.6
7/24/73,22.6
7/26/73,22.6
7/23/73,22.6
7/23/73,22.6
7/26/73,22.6
7/24/73,22.6
7/26/73,22.6
7/24/73,22.6
7/26/73,22.6
7/23/73,22.6
7/25/73,22.6
7/24/73,22.6
7/23/73,22.6
7/26/73,22.6
7/26/73,22.6
7/23/73,22.6
7/26/73,22.6
7/23/73,22.6
7/23/73,22.6
7/24/73,22.6
8/17/92,22.6
7/24/73,22.6
7/24/73,22.6
7/26/73,22.6
7/23/73,22.6
7/25/73,22.6
7/26/73,22.6
7/24/73,22.6
7/25/73,22.6
7/23/73,22.6
7/24/73,22.6
7/23/73,22.6
7/26/73,22.6
7/25/73,22.6
8/17/92,22.6
7/23/73,22.6
7/26/73,22.6
7/24/73,22.6
7/23/73,22.6
7/26/73,22.6
8/17/92,22.6
7/23/73,22.6
7/24/73,22.6
7/23/73,22.6
7/23/73,22.6
7/26/73,22.6
7/25/73,22.6
7/24/73,22.6
7/26/73,22.6
7/24/73,22.6
7/24/73,22.6
7/24/73,22.6
7/23/73,22.6
7/23/73,22.6
7/25/73,22.6
7/24/73,22.6
7/24/73,22.6
7/24/73,22.6
7/26/73,22.6
7/26/73,22.6
7/25/73,22.6
7/25/73,22.6
8/19/82,22.6
7/26/73,22.6
7/26/73,22.6
7/26/73,22.6
7/26/73,22.6
7/26/73,22.6
7/26/73,22.6
7/26/73,22.6
7/26/73,22.6
7/23/73,22.6
7/24/73,22.6
7/24/73,22.6
7/26/73,22.6
7/23/73,22.6
7/26/73,22.6
7/24/73,22.6
8/19/82,22.6
7/24/73,22.6
7/26/73,22.6
7/24/73,22.6
7/24/73,22.6
7/25/73,22.6
7/25/73,22.7
7/25/73,22.7
7/26/73,22.7
7/26/73,22.8
8/7/74,22.8
7/26/73,22.8
7/26/73,22.8
8/6/74,22.8
7/26/73,22.8
7/23/73,22.8
7/26/73,22.8
7/23/73,22.8
7/26/73,22.8
7/26/73,22.8
7/25/73,22.8
7/24/73,22.8
7/25/73,22.8
7/25/73,22.8
8/6/74,22.8
7/25/73,22.8
7/25/73,22.8
8/17/92,22.8
7/25/73,22.8
7/25/73,22.8
7/25/73,22.8
7/25/73,22.8
8/17/92,22.8
7/26/73,22.8
7/26/73,22.8
7/26/73,22.8
7/24/73,22.8
7/26/73,22.8
9/2/82,22.8
7/24/73,22.8
7/26/73,22.8
7/26/73,22.8
7/26/73,22.8
7/25/73,22.8
7/26/73,22.8
7/26/73,22.8
7/26/73,22.8
7/26/73,22.8
7/26/73,22.8
7/26/73,22.8
7/26/73,22.8
7/26/73,22.8
7/24/73,22.8
7/26/73,22.8
7/24/73,22.8
7/24/73,22.8
7/24/73,22.8
7/23/73,22.8
7/24/73,22.8
8/7/74,22.8
7/23/73,22.8
7/23/73,22.8
7/25/73,22.8
7/23/73,22.8
8/6/74,22.8
7/25/73,22.8
7/23/73,22.8
7/26/73,22.8
7/23/73,22.8
7/23/73,22.8
7/26/73,22.8
7/25/73,22.8
7/23/73,22.8
7/26/73,22.8
7/23/73,22.8
7/25/73,22.8
7/23/73,22.8
7/23/73,22.8
7/23/73,22.8
7/25/73,22.8
8/6/74,22.9
8/6/74,22.9
7/24/73,22.9
7/24/73,22.9
7/25/73,22.9
8/19/82,22.9
8/6/74,22.9
8/6/74,22.9
8/19/97,22.9
7/24/73,2.3
7/24/73,2.3
8/7/74,23
7/24/73,23
7/24/73,23
7/24/73,23
7/24/73,23
7/24/73,23
7/24/73,23
7/24/73,23
7/25/73,23
7/25/73,23
7/25/73,23
7/25/73,23
8/6/74,23
7/24/73,23
7/24/73,23
8/6/74,23
8/6/74,23
8/6/74,23
8/6/74,23
8/7/74,23
7/25/73,23
7/25/73,23
8/6/74,23
8/6/74,23
7/25/73,23
7/25/73,23
7/25/73,23
7/25/73,23
6/22/82,23
7/25/73,23
7/25/73,23
7/25/73,23
8/6/74,23
7/25/73,23
7/25/73,23
8/6/74,23
8/6/74,23
8/6/74,23
8/6/74,23
7/26/73,23
7/26/73,23
7/26/73,23
7/26/73,23
7/26/73,23
7/26/73,23
8/6/74,23
8/6/74,23
7/26/73,23
7/26/73,23
7/26/73,23
7/26/73,23
8/6/74,23
8/6/74,23
7/26/73,23
7/26/73,23
8/6/74,23
8/6/74,23
7/24/73,23
7/24/73,23
7/24/73,23
7/24/73,23
7/24/73,23
7/24/73,23
7/24/73,23
7/24/73,23
8/6/74,23
8/7/74,23
7/25/73,23
7/25/73,23
7/25/73,23
8/6/74,23
7/25/73,23
7/25/73,23
7/25/73,23
7/25/73,23
8/6/74,23
7/25/73,23
7/25/73,23
7/25/73,23
7/25/73,23
7/25/73,23
8/6/74,23
8/6/74,23
7/26/73,23
7/26/73,23
7/26/73,23
7/26/73,23
8/6/74,23
7/26/73,23
8/6/74,23
8/6/74,23
7/26/73,23
7/26/73,23
8/6/74,23
8/7/74,23
8/6/74,23
8/6/74,23
8/6/74,23
7/24/73,23
7/24/73,23
7/24/73,23
7/24/73,23
7/24/73,23
8/6/74,23
7/25/73,23
8/6/74,23
8/6/74,23
8/6/74,23
8/6/74,23
8/6/74,23
8/6/74,23
8/7/74,23
8/7/74,23
8/6/74,23
8/6/74,23
8/6/74,23
8/6/74,23
8/6/74,23
8/7/74,23
8/7/74,23
8/6/74,23
8/7/74,23
8/6/74,23
8/6/74,23
8/7/74,23
8/6/74,23
8/7/74,23
8/7/74,23
8/6/74,23
8/7/74,23
8/6/74,23
8/7/74,23
8/7/74,23
8/7/74,23
8/7/74,23
8/7/74,23
8/7/74,23
8/6/74,23
8/7/74,23
8/7/74,23
8/7/74,23
8/7/74,23
8/7/74,23
8/7/74,23
8/7/74,23
8/7/74,23
8/7/74,23
8/7/74,23
8/6/74,23
8/7/74,23
8/7/74,23
8/7/74,23
8/7/74,23
8/7/74,23
8/7/74,23
8/7/74,23
8/6/74,23
8/6/74,23
8/6/74,23
8/6/74,23
8/6/74,23
8/6/74,23
8/6/74,23
8/6/74,23
8/6/74,23
8/6/74,23
8/6/74,23
8/7/74,23
8/7/74,23
8/7/74,23
8/6/74,23
8/7/74,23
8/7/74,23
8/17/92,23
8/17/92,23
8/7/74,23
8/6/74,23
8/6/74,23
8/7/74,23
8/7/74,23
8/7/74,23
8/6/74,23
8/7/74,23
8/6/74,23
8/7/74,23
8/6/74,23
8/7/74,23
8/7/74,23
8/6/74,23
7/23/73,23
8/6/74,23
8/6/74,23
8/6/74,23
8/6/74,23
8/6/74,23
7/25/73,23
7/25/73,23
7/25/73,23
7/25/73,23
7/25/73,23
7/25/73,23
7/25/73,23
8/6/74,23
8/6/74,23
7/25/73,23
7/24/73,23
7/24/73,23
7/24/73,23
8/6/74,23
7/24/73,23
7/24/73,23
7/24/73,23
7/24/73,23
7/24/73,23
7/24/73,23
8/6/74,23
7/24/73,23
7/24/73,23
7/24/73,23
7/24/73,23
7/24/73,23
7/24/73,23
7/24/73,23
7/24/73,23
7/24/73,23
7/24/73,23
8/6/74,23
9/2/82,23.1
8/7/74,23.1
7/25/73,23.1
8/6/74,23.1
8/6/74,23.1
8/6/74,23.1
7/20/82,23.1
8/7/74,23.1
8/7/74,23.1
8/6/74,23.1
8/6/74,23.1
8/6/74,23.1
8/7/74,23.1
8/6/74,23.1
8/7/74,23.1
8/6/74,23.1
8/7/74,23.1
7/24/73,23.1
7/24/73,23.1
8/7/74,23.1
8/6/74,23.1
8/7/74,23.1
8/7/74,23.1
8/6/74,23.1
7/25/73,23.1
7/25/73,23.1
8/7/74,23.1
7/25/17,23.1
7/9/13,23.1
8/7/74,23.2
8/7/74,23.2
8/7/74,23.2
7/27/73,23.2
7/26/73,23.2
7/26/73,23.2
8/6/74,23.2
8/6/74,23.2
7/26/73,23.2
7/26/73,23.2
7/26/73,23.2
7/26/73,23.2
7/26/73,23.2
7/25/73,23.2
7/25/73,23.2
7/25/73,23.2
8/6/74,23.2
8/7/74,23.2
7/24/73,23.2
7/27/73,23.2
8/6/74,23.2
8/7/74,23.2
8/7/74,23.2
7/24/73,23.2
7/27/73,23.2
8/6/74,23.2
8/7/74,23.2
7/27/73,23.2
8/6/74,23.2
8/7/74,23.2
8/7/74,23.2
7/27/73,23.2
8/6/74,23.2
8/6/74,23.2
8/6/74,23.2
8/7/74,23.2
7/27/73,23.2
7/25/73,23.2
8/6/74,23.2
8/7/74,23.2
7/27/73,23.2
8/6/74,23.2
8/7/74,23.2
8/7/74,23.2
7/27/73,23.2
7/27/73,23.2
8/7/74,23.2
7/23/73,23.2
7/27/73,23.2
8/6/74,23.2
8/6/74,23.2
7/24/73,23.2
8/6/74,23.2
8/6/74,23.2
8/7/74,23.2
8/7/74,23.2
8/7/74,23.2
7/25/73,23.2
8/7/74,23.2
7/25/73,23.2
8/6/74,23.2
8/7/74,23.2
8/6/74,23.2
8/6/74,23.2
8/6/74,23.2
7/23/73,23.2
8/7/74,23.2
8/7/74,23.2
8/7/74,23.2
7/25/73,23.2
8/6/74,23.2
7/23/73,23.2
8/7/74,23.2
7/25/73,23.2
7/23/73,23.2
7/24/73,23.2
8/6/74,23.2
8/6/74,23.2
7/25/73,23.2
7/25/73,23.2
7/25/73,23.2
7/25/73,23.2
7/25/73,23.2
7/25/73,23.2
7/25/73,23.2
8/7/74,23.2
7/25/73,23.2
7/25/73,23.2
7/25/73,23.2
8/7/74,23.2
7/24/73,23.2
7/24/73,23.2
7/24/73,23.2
7/23/73,23.2
8/6/74,23.2
8/7/74,23.2
8/6/74,23.2
7/24/73,23.2
8/7/74,23.2
7/23/73,23.2
8/6/74,23.2
7/24/73,23.2
7/24/73,23.2
8/6/74,23.2
8/7/74,23.2
7/24/73,23.2
7/24/73,23.2
7/24/73,23.2
8/7/74,23.2
7/23/73,23.2
7/24/73,23.2
8/7/74,23.2
8/6/74,23.2
8/7/74,23.2
8/6/74,23.2
7/26/73,23.2
7/26/73,23.2
8/7/74,23.2
8/6/74,23.2
8/6/74,23.2
7/26/73,23.2
8/7/74,23.2
8/7/74,23.2
7/26/73,23.2
8/6/74,23.2
7/23/73,23.2
8/7/74,23.2
7/27/73,23.2
8/7/74,23.2
8/6/74,23.2
7/27/73,23.2
7/26/73,23.2
7/26/73,23.2
8/7/74,23.3
8/7/74,23.3
8/6/74,23.3
7/23/73,23.3
7/23/73,23.3
8/7/74,23.3
7/23/73,23.3
9/2/82,23.3
8/7/74,23.3
8/7/74,23.3
8/7/74,23.3
7/23/73,23.3
8/6/74,23.3
8/7/74,23.3
8/6/74,23.3
8/7/74,23.3
8/7/74,23.3
8/6/74,23.3
8/6/74,23.3
7/23/73,23.3
8/7/74,23.3
7/23/73,23.3
8/7/74,23.3
8/7/74,23.3
8/7/74,23.3
7/23/73,23.3
7/24/73,23.3
7/20/82,23.3
8/7/74,23.3
8/7/74,23.3
8/7/74,23.4
8/7/74,23.4
7/26/73,23.4
7/25/73,23.4
8/7/74,23.4
7/25/73,23.4
7/27/73,23.4
8/7/74,23.4
7/25/73,23.4
7/25/73,23.4
7/26/73,23.4
8/7/74,23.4
7/27/73,23.4
7/25/73,23.4
7/24/73,23.4
9/2/82,23.4
7/26/73,23.4
7/24/73,23.4
7/24/73,23.4
7/20/82,23.4
7/25/73,23.4
7/25/73,23.4
8/7/74,23.4
7/25/73,23.4
8/7/74,23.4
7/25/73,23.4
8/7/74,23.4
7/24/73,23.4
7/24/73,23.4
8/6/74,23.4
7/25/73,23.4
8/20/82,23.4
7/23/73,23.4
8/7/74,23.4
7/26/73,23.4
8/6/74,23.5
8/6/74,23.5
8/6/74,23.5
8/6/74,23.5
8/6/74,23.5
8/6/74,23.5
8/6/74,23.5
8/6/74,23.5
8/6/74,23.5
8/6/74,23.5
8/7/74,23.5
8/6/74,23.5
8/6/74,23.5
8/6/74,23.5
8/7/74,23.5
8/6/74,23.5
8/6/74,23.5
8/6/74,23.5
8/6/74,23.5
8/6/74,23.5
8/7/74,23.5
8/7/74,23.5
8/6/74,23.5
8/7/74,23.5
8/6/74,23.5
8/6/74,23.5
8/6/74,23.5
8/6/74,23.5
8/6/74,23.5
8/7/74,23.5
8/7/74,23.5
8/6/74,23.5
8/6/74,23.5
8/6/74,23.5
8/6/74,23.5
8/6/74,23.5
8/6/74,23.5
8/7/74,23.5
8/7/74,23.5
8/7/74,23.5
8/7/74,23.5
8/7/74,23.5
8/7/74,23.5
8/7/74,23.5
8/7/74,23.5
8/7/74,23.5
8/7/74,23.5
7/25/73,23.5
8/7/74,23.5
8/6/74,23.5
8/7/74,23.5
8/7/74,23.5
8/6/74,23.5
8/6/74,23.5
7/24/73,23.5
8/6/74,23.5
8/7/74,23.5
8/7/74,23.5
8/7/74,23.5
8/6/74,23.5
8/7/74,23.5
8/7/74,23.5
8/7/74,23.5
8/6/74,23.5
7/25/73,23.5
8/7/74,23.5
8/6/74,23.5
8/7/74,23.5
8/6/74,23.5
8/7/74,23.5
8/27/82,23.5
8/7/74,23.5
8/7/74,23.5
8/6/74,23.5
8/7/74,23.5
8/6/74,23.5
8/6/74,23.5
8/6/74,23.5
8/6/74,23.5
8/6/74,23.5
8/6/74,23.5
8/6/74,23.5
8/6/74,23.5
8/6/74,23.5
8/6/74,23.5
8/6/74,23.5
8/7/74,23.5
8/6/74,23.5
8/6/74,23.5
8/6/74,23.5
8/7/74,23.5
8/6/74,23.5
8/6/74,23.5
8/6/74,23.5
8/7/74,23.5
8/6/74,23.5
8/7/74,23.5
8/6/74,23.5
8/7/74,23.5
8/6/74,23.5
8/6/74,23.5
8/6/74,23.5
8/6/74,23.5
8/7/74,23.5
8/6/74,23.5
8/6/74,23.5
8/6/74,23.5
8/7/74,23.5
8/7/74,23.5
8/6/74,23.5
8/7/74,23.5
8/6/74,23.5
8/6/74,23.5
8/6/74,23.5
8/6/74,23.5
8/6/74,23.5
8/7/74,23.5
8/6/74,23.5
8/6/74,23.5
8/6/74,23.5
8/7/74,23.5
8/6/74,23.5
8/6/74,23.5
8/6/74,23.5
8/7/74,23.5
8/7/74,23.5
8/6/74,23.5
8/7/74,23.5
8/6/74,23.5
8/7/74,23.5
8/6/74,23.5
8/7/74,23.5
8/6/74,23.5
8/6/74,23.5
8/7/74,23.5
8/6/74,23.5
8/6/74,23.5
8/7/74,23.5
8/7/74,23.5
8/6/74,23.5
8/6/74,23.5
8/7/74,23.5
8/6/74,23.5
8/6/74,23.5
8/7/74,23.5
8/7/74,23.5
8/6/74,23.5
8/6/74,23.5
8/7/74,23.5
8/7/74,23.5
8/7/74,23.5
8/7/74,23.5
8/7/74,23.5
8/7/74,23.5
8/7/74,23.5
8/7/74,23.5
8/7/74,23.5
8/7/74,23.5
8/7/74,23.5
8/7/74,23.5
8/7/74,23.5
8/7/74,23.5
8/7/74,23.5
8/7/74,23.5
8/6/74,23.5
8/7/74,23.5
8/7/74,23.5
8/7/74,23.5
8/7/74,23.5
8/6/74,23.5
8/7/74,23.5
8/7/74,23.5
8/7/74,23.5
8/7/74,23.5
8/7/74,23.5
8/7/74,23.5
8/7/74,23.5
8/7/74,23.5
8/7/74,23.5
8/7/74,23.5
8/7/74,23.5
8/7/74,23.5
8/7/74,23.5
8/7/74,23.5
8/7/74,23.5
8/7/74,23.5
8/6/74,23.5
8/7/74,23.5
8/7/74,23.5
8/7/74,23.5
8/7/74,23.5
8/7/74,23.5
8/7/74,23.5
8/7/74,23.5
8/7/74,23.5
8/7/74,23.5
8/7/74,23.5
8/7/74,23.5
8/7/74,23.5
8/7/74,23.5
8/7/74,23.5
8/7/74,23.5
8/7/74,23.5
8/7/74,23.5
8/7/74,23.5
8/7/74,23.5
8/7/74,23.5
8/7/74,23.5
8/7/74,23.5
8/7/74,23.5
8/7/74,23.5
8/7/74,23.5
8/7/74,23.5
8/7/74,23.5
8/7/74,23.5
8/6/74,23.5
8/7/74,23.5
8/7/74,23.5
8/7/74,23.5
8/7/74,23.5
8/7/74,23.5
8/7/74,23.5
8/7/74,23.5
8/7/74,23.5
8/7/74,23.5
8/7/74,23.5
8/7/74,23.5
8/7/74,23.5
8/7/74,23.5
8/7/74,23.5
8/6/74,23.5
8/6/74,23.5
8/7/74,23.5
8/6/74,23.5
8/6/74,23.5
8/7/74,23.5
8/7/74,23.5
8/7/74,23.5
8/7/74,23.5
8/7/74,23.5
8/6/74,23.5
8/6/74,23.5
8/7/74,23.5
8/6/74,23.5
8/7/74,23.5
8/7/74,23.5
8/6/74,23.5
8/6/74,23.5
8/7/74,23.5
8/6/74,23.5
8/6/74,23.5
8/6/74,23.5
8/7/74,23.5
8/6/74,23.5
7/20/82,23.5
8/6/74,23.5
8/7/74,23.5
8/7/74,23.5
8/6/74,23.5
8/7/74,23.5
8/6/74,23.5
8/6/74,23.5
8/7/74,23.5
8/7/74,23.5
7/24/73,23.6
7/24/73,23.6
8/7/74,23.6
8/6/74,23.6
7/25/73,23.6
7/26/73,23.6
7/26/73,23.6
7/25/73,23.6
7/27/73,23.6
8/6/74,23.6
7/20/82,23.6
7/26/73,23.6
7/26/73,23.6
8/6/74,23.6
7/27/73,23.6
7/26/73,23.6
7/25/73,23.6
7/24/73,23.6
7/27/73,23.6
7/27/73,23.6
7/26/73,23.6
7/24/73,23.6
7/24/73,23.6
8/7/74,23.6
7/24/73,23.6
8/7/74,23.7
8/7/74,23.7
8/7/74,23.7
8/6/74,23.7
8/7/74,23.7
8/6/74,23.8
8/7/74,23.8
7/25/73,23.8
8/6/74,23.8
8/7/74,23.8
8/6/74,23.8
7/24/73,23.8
7/26/73,23.8
8/6/74,23.8
7/24/73,23.8
8/7/74,23.8
7/24/73,23.8
8/6/74,23.8
8/7/74,23.8
7/24/73,23.8
8/6/74,23.8
8/6/74,23.8
8/7/74,23.8
8/6/74,23.8
8/7/74,23.8
8/7/74,23.8
8/6/74,23.8
8/7/74,23.8
8/7/74,23.8
8/7/74,23.8
8/7/74,23.8
8/7/74,23.8
8/7/74,23.8
8/7/74,23.8
8/7/74,23.8
8/7/74,23.8
8/6/74,23.8
8/7/74,23.8
8/7/74,23.8
8/7/74,23.8
8/7/74,23.8
8/7/74,23.8
7/27/73,23.8
8/7/74,23.8
8/6/74,23.8
8/7/74,23.8
8/7/74,23.8
8/7/74,23.8
8/6/74,23.8
8/6/74,23.8
8/6/74,23.8
8/7/74,23.8
8/7/74,23.8
7/27/73,23.8
8/6/74,23.8
7/27/73,23.8
8/6/74,23.8
7/26/73,23.8
8/7/74,23.8
8/6/74,23.9
8/6/74,23.9
8/6/74,23.9
8/7/74,23.9
8/19/82,23.9
8/7/74,23.9
8/7/74,23.9
8/7/74,23.9
8/7/74,23.9
8/7/74,24
8/7/74,24
8/7/74,24
8/7/74,24
8/7/74,24
8/7/74,24
8/6/74,24
8/6/74,24
8/6/74,24
8/6/74,24
8/6/74,24
8/6/74,24
8/6/74,24
8/6/74,24
8/7/74,24
8/7/74,24
8/7/74,24
8/7/74,24
8/7/74,24
8/7/74,24
8/7/74,24
8/6/74,24
8/6/74,24
8/6/74,24
8/6/74,24
8/6/74,24
8/6/74,24
8/6/74,24
8/6/74,24
8/6/74,24
8/6/74,24
8/6/74,24
8/7/74,24
8/7/74,24
8/7/74,24
8/7/74,24
8/7/74,24
7/27/73,24
7/26/73,24
7/26/73,24
7/25/73,24
7/25/73,24
7/25/73,24
7/24/73,24
7/24/73,24
7/25/73,24
7/24/73,24
7/24/73,24
8/20/82,24
8/7/74,24
8/7/74,24
8/7/74,24
8/7/74,24
8/7/74,24
8/7/74,24
8/7/74,24
8/7/74,24
8/7/74,24
8/7/74,24
8/7/74,24
8/7/74,24
8/6/74,24
8/6/74,24
8/6/74,24
8/6/74,24
8/6/74,24
8/6/74,24
8/6/74,24
8/6/74,24
8/6/74,24
8/6/74,24
8/6/74,24
8/6/74,24
8/6/74,24
8/6/74,24
8/6/74,24
8/6/74,24
8/6/74,24
8/6/74,24
8/6/74,24
8/6/74,24
8/6/74,24
8/6/74,24
8/6/74,24
8/6/74,24
8/6/74,24
8/6/74,24
8/6/74,24
8/6/74,24
8/6/74,24
8/6/74,24
8/6/74,24
8/6/74,24
8/6/74,24
8/6/74,24
8/6/74,24
8/6/74,24
8/6/74,24
8/6/74,24
8/7/74,24
8/7/74,24
8/7/74,24
8/7/74,24
8/7/74,24
8/7/74,24
8/7/74,24
8/7/74,24
8/7/74,24
8/7/74,24
8/7/74,24
8/7/74,24
8/7/74,24
7/27/04,24.1
8/6/74,24.2
8/7/74,24.2
8/6/74,24.2
8/6/74,24.2
7/24/73,24.2
7/27/73,24.2
8/7/74,24.2
6/22/82,24.2
8/7/74,24.2
8/6/74,24.2
7/20/82,24.3
8/6/74,24.3
8/6/74,24.3
8/7/18,24.3
8/7/74,24.5
8/6/74,24.5
8/6/74,24.5
8/6/74,24.5
8/6/74,24.5
8/6/74,24.5
8/7/74,24.5
8/7/74,24.5
8/6/74,24.5
8/7/74,24.5
8/7/74,24.5
8/7/74,24.5
8/6/74,24.5
8/6/74,24.5
8/7/74,24.5
8/7/74,24.5
6/22/82,24.5
6/22/82,24.5
8/6/74,24.5
8/6/74,24.6
7/20/82,24.6
7/20/82,24.7
7/20/15,24.7
8/7/74,24.8
7/20/82,24.8
8/6/74,24.8
8/7/74,25
9/16/82,25
8/7/74,25
8/6/74,25
8/7/74,25
8/7/74,25
8/7/74,25
8/7/74,25
8/7/74,25
8/7/74,25
8/7/74,25
8/7/74,25
7/20/82,25.1
7/20/82,25.1
8/5/82,25.2
8/19/82,25.4
7/20/82,25.4
8/7/74,25.5
8/6/74,25.5
8/5/82,25.5
8/19/82,25.7
8/20/82,25.7
8/20/82,25.8
8/20/82,25.8
7/20/82,26
7/20/82,26
7/9/15,26
8/19/82,26.2
8/19/82,26.2
8/19/82,26.3
8/20/82,26.5
7/20/82,26.8
8/5/82,27.2
9/2/82,29.5
2/16/05,3.2
12/20/06,3.4
3/10/09,3.5
2/15/06,3.5
12/7/05,3.6
1/29/02,3.8
2/9/82,4
1/17/08,4
1/12/05,4.1
1/17/12,4.3
2/26/01,4.3
1/4/11,4.4
2/6/07,4.5
2/12/04,4.5
2/12/19,4.5
1/31/08,4.6
1/23/09,4.7
1/18/05,5
1/23/91,5
2/28/07,5
1/11/99,5
1/7/13,5.1
12/12/17,5.1
3/21/07,5.2
1/8/14,5.2
1/15/86,5.3
2/21/85,5.3
4/9/01,5.4
12/31/74,5.5
2/13/81,5.5
12/26/00,5.5
1/8/08,5.5
12/6/76,5.6
2/12/01,5.6
12/28/04,5.6
1/25/93,5.7
1/25/93,5.7
1/14/00,5.7
1/25/93,5.7
1/25/93,5.7
1/25/93,5.7
1/25/93,5.7
1/25/93,5.7
1/25/93,5.7
1/6/09,5.8
3/1/00,5.8
11/14/07,5.8
2/15/78,5.8
1/27/88,5.8
12/11/78,5.8
2/8/10,5.9
2/10/97,5.9
2/1/05,6
12/8/80,6
11/19/14,6
12/18/03,6.1
1/14/92,6.1
3/29/99,6.2
5/8/02,6.2
1/27/04,6.2
12/3/19,6.2
12/12/00,6.2
12/6/11,6.2
3/8/10,6.2
1/24/95,6.3
12/5/06,6.3
12/7/05,6.3
1/27/78,6.3
1/6/98,6.3
2/15/00,6.4
12/2/97,6.4
12/9/03,6.4
12/18/07,6.5
3/12/02,6.5
2/2/00,6.5
2/14/07,6.5
2/9/99,6.5
12/18/75,6.5
1/3/12,6.6
1/17/99,6.6
11/16/05,6.6
12/3/14,6.7
2/27/08,6.7
4/23/02,6.7
2/13/03,6.8
1/10/00,6.8
11/18/09,6.8
2/19/08,6.8
1/4/00,6.8
3/14/07,6.8
1/4/06,6.9
2/22/99,6.9
1/9/18,6.9
1/2/07,7
12/9/93,7
12/16/76,7
1/26/83,7
11/25/02,7.1
2/8/06,7.1
3/7/77,7.1
1/9/97,7.1
1/7/15,7.1
12/19/18,7.2
3/9/99,7.2
2/16/99,7.2
2/23/96,7.3
1/18/05,7.3
5/5/99,7.3
2/24/04,7.3
1/23/18,7.4
12/7/99,7.4
3/26/01,7.4
4/26/99,7.4
3/6/12,7.4
12/4/13,7.4
11/20/96,7.4
3/6/95,7.4
3/6/95,7.4
3/6/95,7.4
3/6/95,7.4
3/6/95,7.4
3/6/95,7.4
3/6/95,7.4
1/22/20,7.5
3/17/09,7.5
1/28/03,7.5
2/22/84,7.5
3/6/95,7.5
3/6/95,7.5
3/6/95,7.5
3/4/08,7.6
2/1/06,7.6
1/18/06,7.6
3/22/10,7.6
1/9/07,7.6
3/11/13,7.7
10/28/91,7.7
1/16/99,7.7
12/19/97,7.7
2/13/96,7.8
2/3/05,7.8
11/23/04,7.8
5/13/09,7.8
12/4/18,7.9
5/10/00,7.9
3/22/11,7.9
2/24/16,7.9
1/13/00,8
12/17/14,8
3/21/17,8.1
3/25/75,8.1
12/2/03,8.1
11/12/03,8.1
1/14/99,8.1
12/2/94,8.2
11/13/78,8.2
1/7/09,8.2
1/26/98,8.2
4/23/01,8.2
10/24/01,8.2
3/20/18,8.3
1/18/11,8.4
5/19/99,8.4
12/8/99,8.4
12/4/98,8.4
12/17/02,8.4
3/7/79,8.5
12/16/04,8.5
11/5/08,8.5
11/11/97,8.5
11/10/04,8.5
11/10/09,8.5
5/9/01,8.5
4/25/00,8.5
1/28/15,8.5
11/17/09,8.6
11/18/08,8.7
5/7/97,8.7
2/21/91,8.7
12/6/99,8.7
11/21/06,8.7
4/12/10,8.7
2/16/10,8.8
12/14/98,8.8
3/28/91,8.8
11/8/94,8.8
4/9/80,8.8
12/7/99,8.9
4/9/19,8.9
2/6/18,8.9
2/10/96,8.9
2/25/15,8.9
3/12/01,9
11/29/77,9
1/16/76,9
11/26/91,9
10/15/08,9
5/9/07,9
4/27/98,9
11/28/17,9
11/27/74,9.1
11/8/94,9.1
5/26/98,9.1
12/6/99,9.1
6/2/99,9.1
11/21/06,9.2
4/2/79,9.2
1/14/99,9.2
4/25/07,9.2
3/26/14,9.3
11/29/99,9.3
11/3/94,9.4
11/20/07,9.4
4/9/02,9.4
4/12/06,9.4
4/23/76,9.5
4/7/09,9.5
11/19/12,9.6
4/5/17,9.6
3/14/94,9.7
4/22/02,9.7
3/11/96,9.7
3/11/15,9.7
5/22/02,9.7
11/2/05,9.7
5/11/98,9.7
4/9/03,9.8
11/3/75,9.8
11/16/92,9.8
11/18/08,9.8
10/17/07,9.8
10/10/01,9.9
11/17/15,9.9
5/23/07,10
1/16/76,10
9/16/82,10
11/25/97,10
5/11/05,10.1
4/24/96,10.1
4/10/97,10.1
4/25/05,10.2
11/6/07,10.2
3/20/07,10.2
12/3/75,10.2
4/28/08,10.3
9/24/96,10.4
6/6/01,10.4
10/29/75,10.4
3/16/04,10.4
6/8/05,10.5
5/29/08,10.5
11/8/06,10.5
4/28/93,10.5
2/20/77,10.5
4/24/84,10.5
10/29/75,10.5
4/8/81,10.5
4/8/98,10.6
4/26/04,10.7
4/12/04,10.7
11/13/95,10.7
4/17/12,10.7
5/21/97,10.8
3/18/83,10.8
3/18/83,10.8
10/5/05,10.9
10/15/97,10.9
10/3/07,10.9
10/22/96,11
9/29/82,11
4/23/76,11
4/20/78,11
3/22/78,11
6/6/07,11
12/16/75,11
4/22/13,11
11/30/94,11.1
10/13/99,11.1
11/16/99,11.2
10/11/00,11.2
4/30/76,11.3
10/31/02,11.3
5/6/86,11.3
10/29/04,11.3
11/5/01,11.3
10/29/75,11.3
6/21/06,11.3
5/28/91,11.4
5/24/04,11.4
4/26/10,11.4
11/1/11,11.4
10/21/75,11.4
6/6/78,11.5
4/18/75,11.5
9/21/05,11.5
12/16/75,11.5
6/7/76,11.5
4/21/09,11.5
10/25/17,11.6
9/29/82,11.6
5/18/78,11.7
5/20/75,11.7
10/5/92,11.7
5/24/06,11.7
5/23/91,11.8
5/11/95,11.8
12/2/94,11.8
5/19/98,11.8
6/25/08,11.8
4/23/14,11.8
10/23/13,11.9
6/25/03,11.9
6/6/78,12
11/15/99,12
10/17/84,12
11/4/80,12
11/15/16,12
12/15/75,12
12/16/75,12
3/17/76,12
5/6/91,12
6/20/02,12.1
5/5/09,12.1
7/5/00,12.1
11/5/12,12.1
11/5/14,12.1
4/16/85,12.1
9/29/82,12.1
9/29/82,12.1
10/3/89,12.1
9/4/08,12.2
10/29/94,12.2
9/29/82,12.2
8/16/00,12.3
4/19/99,12.3
5/20/08,12.4
10/9/02,12.4
10/23/95,12.5
10/25/74,12.5
4/8/96,12.5
11/7/06,12.5
5/14/01,12.5
8/21/02,12.6
6/5/02,12.6
10/19/05,12.6
11/5/87,12.7
10/8/03,12.7
9/13/06,12.7
10/13/04,12.8
7/26/01,12.8
9/21/98,12.9
6/24/09,12.9
8/26/91,12.9
10/22/12,12.9
6/30/99,13
6/20/07,13
10/23/18,13.1
9/6/07,13.1
6/22/05,13.1
7/11/01,13.1
8/24/05,13.1
5/19/03,13.2
9/16/82,13.2
10/24/06,13.2
5/24/76,13.2
9/26/01,13.2
6/16/99,13.2
5/23/01,13.3
9/26/02,13.3
6/28/93,13.3
9/15/04,13.4
5/24/99,13.4
10/16/07,13.5
8/12/99,13.5
10/19/83,13.5
9/16/82,13.5
9/16/82,13.5
10/13/82,13.5
9/16/82,13.5
6/9/75,13.5
11/4/15,13.6
10/19/10,13.6
8/2/06,13.6
10/20/09,13.6
7/13/98,13.6
10/19/92,13.6
9/11/02,13.6
4/16/98,13.6
10/18/99,13.6
4/1/98,13.6
4/16/98,13.6
10/13/82,13.7
5/31/89,13.7
10/7/97,13.7
9/9/91,13.7
8/8/01,13.7
9/10/09,13.7
7/19/06,13.7
10/13/82,13.8
10/13/82,13.8
1/27/98,13.8
1/27/98,13.8
9/29/82,13.8
10/21/97,13.8
9/29/82,13.8
8/10/05,13.8
9/8/98,13.8
6/24/98,13.8
6/24/98,13.8
4/15/98,13.9
4/15/98,13.9
10/17/97,13.9
5/3/16,13.9
4/26/16,13.9
9/30/91,13.9
9/10/96,13.9
8/22/01,13.9
9/12/01,13.9
10/5/89,14
10/13/82,14
10/14/82,14
4/6/98,14
4/6/98,14
4/6/98,14
1/26/98,14
5/18/92,14
6/8/76,14
10/9/97,14.1
10/10/97,14.1
1/28/98,14.1
1/28/98,14.1
6/8/92,14.1
7/15/91,14.2
7/21/04,14.2
9/10/96,14.2
10/13/82,14.2
10/8/97,14.2
7/26/95,14.2
5/7/19,14.2
6/17/08,14.3
5/19/09,14.3
9/10/96,14.3
10/7/77,14.3
4/7/98,14.3
10/12/82,14.3
8/8/07,14.4
6/17/97,14.4
8/19/97,14.4
10/12/82,14.4
4/8/98,14.4
4/8/98,14.4
10/26/92,14.4
7/25/95,14.5
7/21/95,14.5
7/19/95,14.5
8/24/92,14.5
5/4/92,14.6
4/20/98,14.7
4/21/98,14.7
4/21/98,14.7
8/5/97,14.8
10/22/03,14.8
6/23/98,14.8
9/17/08,14.8
8/25/99,14.8
10/22/14,14.9
9/26/84,14.9
6/3/02,14.9
7/24/95,14.9
7/29/04,14.9
9/6/89,15
6/7/05,15
9/16/82,15
10/16/97,15
1/22/98,15
10/5/89,15.1
8/12/91,15.1
5/21/14,15.1
5/8/18,15.1
5/23/17,15.2
6/21/99,15.2
9/16/82,15.2
5/14/01,15.2
10/6/97,15.2
8/11/04,15.2
5/18/10,15.3
6/21/95,15.4
5/25/04,15.4
7/27/05,15.4
8/20/08,15.4
10/5/89,15.5
10/20/97,15.5
10/20/97,15.5
10/12/82,15.6
8/19/09,15.6
10/23/97,15.7
10/28/03,15.7
10/13/82,15.8
8/31/92,15.8
7/1/91,15.8
7/22/91,15.8
5/22/18,15.9
4/9/98,15.9
4/9/98,15.9
7/8/91,16
5/27/93,16.1
10/8/93,16.1
9/10/96,16.1
5/18/15,16.1
10/24/97,16.3
9/22/80,16.3
8/5/91,16.3
7/13/92,16.3
10/13/82,16.5
6/17/82,16.5
9/25/13,16.6
6/18/14,16.6
5/23/94,16.6
5/10/94,16.6
5/29/03,16.6
4/23/98,16.6
5/14/97,16.6
6/1/16,16.7
7/11/07,16.7
7/6/92,16.7
6/21/17,16.9
10/8/80,17
10/12/82,17
10/12/82,17
8/3/92,17
6/22/82,17.1
6/22/82,17.1
6/22/82,17.2
6/22/82,17.2
1/30/98,17.2
1/30/98,17.2
9/20/11,17.2
6/19/12,17.3
6/10/98,17.3
6/22/82,17.3
7/27/98,17.4
10/12/82,17.4
6/17/82,17.5
6/7/96,17.5
9/26/95,17.5
6/14/94,17.5
9/5/89,17.5
7/6/10,17.6
7/5/11,17.7
10/1/75,17.8
9/18/74,17.8
9/18/74,17.8
9/18/74,17.8
6/22/82,17.8
6/17/94,17.8
9/18/74,17.8
9/18/74,17.9
9/18/74,17.9
9/18/74,17.9
6/23/93,17.9
9/18/74,17.9
9/18/74,17.9
9/19/74,17.9
6/22/82,18
9/19/74,18
9/19/74,18
9/19/74,18
9/19/74,18
9/19/74,18
9/19/74,18
9/19/74,18
9/19/74,18
9/19/74,18
9/19/74,18
9/19/74,18
9/19/74,18
9/19/74,18
9/17/74,18
9/19/74,18
9/19/74,18
9/19/74,18
9/18/74,18
9/17/74,18
9/17/74,18
9/17/74,18
9/18/74,18
9/18/74,18
9/18/74,18
9/18/74,18
9/18/74,18
9/18/74,18
9/18/74,18
9/18/74,18
9/18/74,18
9/18/74,18
9/18/74,18
9/18/74,18
9/18/74,18
6/22/82,18
6/22/78,18
6/22/78,18
6/22/78,18
6/22/78,18
6/22/78,18
6/22/78,18
6/22/78,18
6/22/78,18
6/22/78,18
6/22/78,18
6/22/78,18
6/22/78,18
6/22/78,18
6/22/78,18
6/6/78,18
9/18/74,18.1
9/18/74,18.1
9/18/74,18.1
9/19/74,18.1
9/19/74,18.1
6/22/78,18.1
6/22/78,18.1
9/18/74,18.1
6/11/19,18.1
9/18/74,18.2
9/16/82,18.2
9/17/74,18.2
9/17/74,18.2
10/12/82,18.2
6/6/78,18.2
9/20/90,18.2
6/17/02,18.2
6/6/78,18.2
6/19/07,18.2
9/19/74,18.3
9/19/74,18.3
9/19/74,18.3
9/19/74,18.3
9/17/74,18.3
9/16/82,18.3
9/14/87,18.3
9/19/74,18.4
9/17/74,18.4
6/22/82,18.5
9/6/89,18.5
9/23/81,18.5
9/19/74,18.5
6/6/78,18.5
6/6/78,18.5
6/6/78,18.5
9/17/74,18.6
9/7/10,18.6
7/7/82,18.7
6/6/78,18.7
9/1/93,18.7
6/6/78,18.7
9/19/74,18.7
9/16/08,18.7
6/6/78,18.8
6/6/78,18.8
6/22/82,18.8
6/6/78,18.8
6/6/78,18.8
9/19/74,18.8
6/6/78,18.8
9/17/74,18.8
9/17/74,18.8
9/17/74,18.8
9/17/74,18.8
9/17/74,18.8
7/8/08,18.9
6/11/03,18.9
6/6/78,18.9
9/17/74,18.9
6/6/78,19
6/6/78,19
9/16/82,19
6/6/78,19
9/11/74,19
9/17/74,19
9/17/74,19
9/17/74,19
9/10/74,19
9/24/82,19
7/7/82,19
9/3/82,19
6/6/78,19.1
6/24/97,19.1
6/6/78,19.2
7/7/82,19.2
7/7/82,19.2
9/14/04,19.2
7/7/82,19.2
7/6/76,19.2
7/7/82,19.2
7/7/82,19.2
7/7/82,19.2
7/7/82,19.2
9/17/74,19.2
9/13/94,19.3
9/13/94,19.3
9/13/94,19.3
9/13/94,19.3
10/12/82,19.3
9/13/94,19.3
9/13/94,19.3
9/13/94,19.3
9/13/94,19.3
9/13/94,19.3
7/14/80,19.3
9/13/94,19.3
6/12/13,19.4
9/17/74,19.4
9/13/94,19.4
7/29/82,19.5
9/16/82,19.5
8/26/76,19.5
6/6/78,19.5
6/22/92,19.5
7/29/82,19.6
7/13/88,19.6
6/6/78,19.7
7/15/82,19.7
7/15/82,19.7
9/13/94,19.7
9/14/16,19.8
9/4/12,19.8
7/21/82,19.8
7/29/82,19.8
8/5/82,19.8
6/22/82,19.8
7/29/82,19.8
6/6/78,19.8
8/5/82,19.8
6/29/82,19.8
7/29/82,19.8
7/15/82,19.8
7/15/82,19.8
8/13/82,19.8
7/15/82,19.9
7/15/82,19.9
7/15/82,19.9
7/15/82,19.9
7/15/82,19.9
8/5/82,19.9
7/15/82,19.9
11/24/82,2
10/12/82,20
7/21/82,20
7/21/82,20
7/29/82,20
7/7/82,20
7/7/82,20
9/17/74,20
9/17/74,20
7/24/73,20
7/24/73,20
7/24/73,20
7/24/73,20
7/24/73,20
7/24/73,20
7/24/73,20
7/24/73,20
7/24/73,20
7/24/73,20
7/24/73,20
7/24/73,20
7/25/73,20
7/25/73,20
7/25/73,20
9/1/09,20.1
6/27/00,20.1
7/7/82,20.1
8/13/82,20.1
8/13/82,20.1
8/13/82,20.2
8/13/82,20.2
7/24/73,20.2
7/24/73,20.2
6/24/04,20.2
6/29/82,20.2
7/25/73,20.2
7/15/82,20.2
7/15/82,20.2
6/29/82,20.2
8/13/82,20.2
7/25/73,20.2
6/29/82,20.2
9/5/18,20.2
6/22/82,20.3
8/19/82,20.4
7/7/82,20.4
6/29/82,20.4
7/21/82,20.5
9/15/82,20.5
8/20/82,20.5
6/29/82,20.5
6/29/82,20.5
10/12/82,20.5
7/25/73,20.5
7/25/73,20.5
7/25/73,20.5
7/25/73,20.5
7/25/73,20.5
7/25/73,20.5
7/24/73,20.5
7/24/73,20.5
7/24/73,20.5
7/24/73,20.5
7/24/73,20.5
7/24/73,20.5
7/24/73,20.5
7/24/73,20.5
7/24/73,20.5
7/29/82,20.5
9/24/82,20.7
9/9/02,20.7
9/15/82,20.8
7/24/73,20.8
6/22/82,20.8
7/21/82,20.8
7/21/82,20.8
7/24/73,20.8
7/25/73,20.8
7/24/73,20.8
7/24/73,20.8
6/29/82,20.8
7/25/73,20.8
9/15/82,20.8
7/28/87,20.8
7/25/73,20.9
7/25/73,21
7/25/73,21
7/25/73,21
7/25/73,21
7/25/73,21
7/25/73,21
7/29/82,21
7/29/82,21
7/29/82,21
8/10/83,21
7/25/73,21
7/26/73,21
7/21/82,21
7/7/77,21
7/21/82,21
7/24/73,21
7/24/73,21
7/24/73,21
7/24/73,21
7/24/73,21
7/24/73,21
7/24/73,21
7/24/73,21
7/24/73,21
7/24/73,21
7/24/73,21
7/24/73,21
7/24/73,21
7/24/73,21
7/24/73,21
7/24/73,21
7/24/73,21
7/21/82,21
7/21/82,21
6/22/82,21
6/22/82,21
9/15/82,21
7/26/73,21
7/26/73,21
6/6/78,21
6/6/78,21
7/26/73,21
7/14/78,21
7/26/73,21
6/22/82,21
7/26/73,21
6/29/82,21
6/29/82,21
6/29/82,21
7/26/73,21
8/20/82,21
8/20/82,21
10/12/82,21
6/30/16,21
9/10/19,21.1
8/5/93,21.1
7/31/89,21.1
8/5/93,21.1
10/12/82,21.1
8/5/93,21.1
8/5/93,21.1
8/19/82,21.1
8/19/82,21.1
8/20/82,21.1
8/5/93,21.1
8/5/93,21.1
8/5/93,21.1
7/24/73,21.2
7/25/73,21.2
7/13/98,21.2
7/25/73,21.2
8/5/93,21.2
7/25/73,21.2
7/25/73,21.2
7/25/73,21.2
7/25/73,21.2
7/24/73,21.2
7/24/73,21.2
7/24/73,21.2
7/24/73,21.2
7/24/73,21.2
9/5/17,21.3
7/24/73,21.3
7/25/73,21.3
8/12/02,21.3
7/24/73,21.3
7/11/90,21.3
7/24/73,21.3
8/21/07,21.4
6/22/82,21.4
6/22/82,21.4
7/22/08,21.5
8/23/11,21.5
7/25/73,21.5
7/25/73,21.5
7/26/73,21.5
7/26/73,21.5
7/26/73,21.5
8/27/82,21.5
7/25/73,21.5
7/26/73,21.5
7/26/73,21.5
7/25/73,21.5
7/26/73,21.5
7/26/73,21.5
7/26/73,21.5
7/25/73,21.5
7/25/73,21.5
7/26/73,21.5
6/29/82,21.5
8/27/82,21.5
7/26/73,21.5
6/29/82,21.5
7/25/73,21.5
7/26/73,21.5
7/26/73,21.5
7/25/73,21.5
7/26/73,21.5
7/26/73,21.5
7/26/73,21.5
7/26/73,21.5
7/26/73,21.5
7/26/73,21.5
7/26/73,21.5
8/27/82,21.5
7/26/73,21.5
7/26/73,21.5
7/25/73,21.5
7/25/73,21.5
8/27/82,21.5
7/26/73,21.5
7/25/73,21.5
7/24/73,21.5
7/26/73,21.5
8/27/82,21.5
7/24/73,21.5
7/25/73,21.5
7/24/73,21.5
7/24/73,21.5
7/24/73,21.5
7/24/73,21.5
7/24/73,21.5
7/21/82,21.5
7/26/73,21.5
7/24/73,21.5
7/24/73,21.5
7/26/73,21.5
7/24/73,21.5
7/24/73,21.5
7/24/73,21.5
7/24/73,21.5
7/26/73,21.5
7/25/73,21.5
7/25/73,21.5
7/26/73,21.5
7/25/73,21.5
7/29/82,21.5
7/25/73,21.5
7/26/73,21.5
7/26/73,21.5
7/26/73,21.5
7/20/82,21.5
7/26/73,21.5
8/5/93,21.7
7/25/73,21.8
7/25/73,21.8
7/26/73,21.8
7/25/73,21.8
7/25/73,21.8
7/25/73,21.8
7/25/73,21.8
7/25/73,21.8
8/5/93,21.8
7/25/73,21.8
7/25/73,21.8
7/25/73,21.8
7/25/73,21.8
7/24/73,21.8
7/24/73,21.8
7/24/73,21.8
9/24/82,21.8
7/24/73,21.8
7/25/73,21.8
7/25/73,21.8
7/25/73,21.8
8/5/82,21.9
8/20/82,21.9
7/25/73,21.9
8/5/82,21.9
7/24/73,21.9
7/24/73,21.9
8/20/82,21.9
7/27/82,22
8/7/74,22
8/7/74,22
8/7/74,22
6/29/82,22
7/24/73,22
7/24/73,22
7/24/73,22
7/24/73,22
7/24/73,22
7/24/73,22
7/24/73,22
7/24/73,22
7/24/73,22
7/24/73,22
7/24/73,22
7/24/73,22
7/24/73,22
7/24/73,22
7/24/73,22
7/24/73,22
7/25/73,22
7/25/73,22
7/25/73,22
7/25/73,22
7/25/73,22
7/25/73,22
7/25/73,22
7/25/73,22
7/25/73,22
7/25/73,22
7/25/73,22
7/25/73,22
7/25/73,22
7/25/73,22
7/25/73,22
7/25/73,22
7/25/73,22
7/25/73,22
7/25/73,22
7/25/73,22
7/25/73,22
7/25/73,22
7/25/73,22
7/25/73,22
7/25/73,22
7/25/73,22
7/25/73,22
7/25/73,22
7/25/73,22
7/25/73,22
7/25/73,22
7/25/73,22
7/25/73,22
7/25/73,22
7/25/73,22
7/26/73,22
7/26/73,22
7/26/73,22
7/26/73,22
7/26/73,22
7/26/73,22
7/26/73,22
7/26/73,22
7/26/73,22
7/24/73,22
7/24/73,22
7/24/73,22
7/24/73,22
7/24/73,22
7/24/73,22
7/24/73,22
7/24/73,22
7/24/73,22
7/25/73,22
7/25/73,22
7/25/73,22
7/25/73,22
7/25/73,22
7/25/73,22
7/25/73,22
7/25/73,22
7/25/73,22
7/25/73,22
7/25/73,22
7/25/73,22
7/25/73,22
7/25/73,22
7/25/73,22
7/25/73,22
7/25/73,22
7/25/73,22
7/26/73,22
7/26/73,22
7/26/73,22
7/26/73,22
7/26/73,22
7/26/73,22
7/26/73,22
7/26/73,22
7/26/73,22
7/26/73,22
7/26/73,22
7/26/73,22
7/26/73,22
7/26/73,22
7/26/73,22
7/26/73,22
7/26/73,22
7/26/73,22
7/26/73,22
7/26/73,22
7/26/73,22
7/26/73,22
7/26/73,22
7/26/73,22
7/26/73,22
7/26/73,22
7/26/73,22
7/26/73,22
7/26/73,22
7/26/73,22
7/26/73,22
7/24/73,22
7/25/73,22
7/25/73,22
7/25/73,22
7/25/73,22
7/25/73,22
7/25/73,22
8/6/74,22
6/29/82,22
7/25/73,22
7/25/73,22
7/25/73,22
7/26/73,22
7/26/73,22
7/24/73,22
7/24/73,22
7/24/73,22
7/24/73,22
7/24/73,22
7/25/73,22
7/25/73,22
7/25/73,22
7/26/73,22
7/26/73,22
7/26/73,22
7/26/73,22
7/24/73,22
7/24/73,22
7/24/73,22
7/24/73,22
7/24/73,22
7/24/73,22
7/24/73,22
7/24/73,22
7/24/73,22
7/24/73,22
7/24/73,22
7/24/73,22
7/24/73,22
7/25/73,22
7/25/73,22
7/25/73,22
7/25/73,22
7/25/73,22
7/25/73,22
7/25/73,22
7/25/73,22
7/25/73,22
7/25/73,22
8/7/74,22
8/7/74,22
8/7/74,22
8/7/74,22
8/20/82,22
8/6/74,22
8/20/19,22
7/22/13,22.1
7/11/17,22.1
7/24/73,22.2
7/26/73,22.1
7/26/73,22.1
7/26/73,22.1
8/20/82,22.1
7/26/73,22.1
7/26/73,22.1
7/26/73,22.1
8/20/82,22.1
7/25/73,22.2
7/20/82,22.1
8/20/82,22.1
7/24/73,22.2
7/25/73,22.2
7/26/73,22.2
7/25/73,22.2
7/26/73,22.2
7/24/73,22.2
7/26/73,22.2
7/24/73,22.2
6/29/82,22.2
7/25/73,22.2
8/6/74,22.2
7/25/73,22.2
7/25/73,22.2
7/24/73,22.2
7/25/73,22.2
7/26/73,22.2
7/25/73,22.2
7/26/73,22.2
7/26/73,22.2
7/25/73,22.2
7/25/73,22.2
7/25/73,22.2
7/24/73,22.2
7/24/73,22.2
7/26/73,22.2
7/25/73,22.2
7/25/73,22.2
8/7/74,22.2
7/24/73,22.2
7/25/73,22.2
7/24/73,22.2
7/24/73,22.2
7/25/73,22.2
7/25/73,22.2
7/26/73,22.2
7/25/73,22.2
7/26/73,22.2
7/24/73,22.2
7/25/73,22.2
7/25/73,22.2
7/24/73,22.2
7/24/73,22.2
7/24/73,22.2
7/24/73,22.2
7/24/73,22.2
7/24/73,22.2
7/25/73,22.2
7/25/73,22.2
7/24/73,22.2
7/25/73,22.2
7/26/73,22.2
7/24/73,22.2
7/24/73,22.2
7/26/73,22.2
7/25/73,22.2
7/25/73,22.2
7/25/73,22.2
7/24/73,22.2
7/25/73,22.2
7/24/73,22.2
7/26/73,22.2
7/26/73,22.2
7/25/73,22.2
7/24/73,22.2
7/25/73,22.2
8/6/74,22.2
7/24/73,22.2
7/25/73,22.2
7/24/73,22.2
7/25/73,22.2
7/25/73,22.2
7/26/73,22.2
7/26/73,22.2
7/25/73,22.2
7/26/73,22.2
7/24/73,22.2
7/25/73,22.2
7/25/73,22.2
8/7/74,22.2
7/25/73,22.2
7/25/73,22.2
7/25/73,22.2
7/24/73,22.2
8/17/16,22.3
7/24/73,22.3
7/25/73,22.3
7/20/82,22.3
8/7/74,22.3
7/24/73,22.3
7/24/73,22.3
7/24/73,22.3
7/24/73,22.3
7/24/73,22.3
7/26/73,22.3
7/24/73,22.3
7/20/82,22.3
7/24/73,22.3
7/26/73,22.3
7/24/73,22.3
7/24/73,22.3
7/24/73,22.3
7/24/73,22.3
7/24/73,22.3
8/7/74,22.3
7/24/73,22.3
7/24/73,22.3
7/24/07,22.3
7/25/73,22.4
7/25/73,22.4
7/26/73,22.4
8/6/74,22.4
7/25/73,22.4
7/26/73,22.4
7/26/73,22.4
7/25/73,22.4
7/24/73,22.4
7/26/73,22.4
7/26/73,22.4
7/25/73,22.4
7/26/73,22.4
7/26/73,22.4
7/25/73,22.4
7/25/73,22.4
7/25/73,22.4
7/26/73,22.4
7/26/73,22.4
7/25/73,22.4
7/26/73,22.4
7/26/73,22.4
7/26/73,22.4
7/26/73,22.4
7/26/73,22.4
7/26/73,22.4
7/24/73,22.4
7/26/73,22.4
7/26/73,22.4
7/26/73,22.4
7/26/73,22.4
7/25/73,22.4
7/24/73,22.4
7/24/73,22.4
7/24/73,22.4
7/26/73,22.4
7/26/73,22.4
7/26/73,22.4
7/26/73,22.4
7/26/73,22.4
7/26/73,22.4
7/26/73,22.4
7/25/73,22.4
7/25/73,22.4
7/25/73,22.4
7/26/73,22.4
7/26/73,22.4
7/24/73,22.4
7/24/73,22.4
7/26/73,22.4
7/26/73,22.4
7/24/73,22.4
7/25/73,22.4
7/25/73,22.4
7/26/73,22.4
7/25/73,22.4
7/25/73,22.4
7/26/73,22.4
7/26/73,22.4
7/25/73,22.4
7/26/73,22.4
7/26/73,22.4
7/25/73,22.4
7/26/73,22.4
7/25/73,22.4
7/25/73,22.4
7/26/73,22.4
7/25/73,22.4
7/24/73,22.4
7/25/73,22.4
7/25/73,22.4
7/26/73,22.4
7/26/73,22.4
7/26/73,22.4
7/25/73,22.4
7/25/73,22.4
7/26/73,22.4
7/24/73,22.4
7/26/73,22.4
7/26/73,22.4
7/25/73,22.4
8/17/92,22.4
7/25/73,22.4
7/26/73,22.4
7/25/73,22.4
7/26/73,22.4
7/26/73,22.4
7/26/73,22.4
7/24/73,22.4
7/25/73,22.4
7/25/73,22.4
7/24/73,22.4
7/26/73,22.4
7/25/73,22.4
7/26/73,22.4
7/25/73,22.4
7/26/73,22.4
7/24/73,22.4
7/24/73,22.4
7/26/73,22.4
7/25/73,22.4
7/26/73,22.4
7/25/73,22.4
6/22/15,22.5
8/20/14,22.5
8/19/08,22.5
7/26/73,22.5
7/24/73,22.5
7/24/73,22.5
7/24/73,22.5
7/26/73,22.5
9/24/82,22.5
7/26/73,22.5
7/26/73,22.5
7/24/73,22.5
7/24/73,22.5
7/24/73,22.5
7/24/73,22.5
7/26/73,22.5
7/26/73,22.5
8/7/74,22.5
7/24/73,22.5
7/24/73,22.5
7/26/73,22.5
9/24/82,22.5
7/26/73,22.5
7/25/73,22.5
7/25/73,22.5
7/25/73,22.5
7/24/73,22.5
7/24/73,22.5
7/24/73,22.5
7/24/73,22.5
7/24/73,22.5
7/24/73,22.5
7/24/73,22.5
7/24/73,22.5
7/24/73,22.5
7/20/82,22.5
7/24/73,22.5
7/26/73,22.5
7/24/73,22.5
7/24/73,22.5
7/25/73,22.5
8/10/05,22.5
7/25/73,22.5
7/24/73,22.5
7/24/73,22.5
7/24/73,22.5
7/24/73,22.5
7/24/73,22.5
7/24/73,22.5
7/24/73,22.5
7/24/73,22.5
7/24/73,22.5
7/24/73,22.5
7/25/73,22.5
7/24/73,22.5
7/24/73,22.5
7/24/73,22.5
7/24/73,22.5
7/25/73,22.5
7/24/73,22.5
9/15/82,22.5
7/26/73,22.5
7/24/73,22.5
7/24/73,22.5
7/26/73,22.5
7/24/73,22.5
7/24/73,22.5
7/24/73,22.5
7/26/73,22.5
7/26/73,22.5
7/25/73,22.5
7/26/73,22.5
7/26/73,22.5
7/25/73,22.5
7/24/73,22.5
7/26/73,22.5
7/24/73,22.5
7/25/73,22.5
7/24/73,22.5
7/25/73,22.5
7/24/73,22.5
7/24/73,22.5
7/25/73,22.5
7/24/73,22.5
7/24/73,22.5
7/25/73,22.5
7/25/73,22.5
7/25/73,22.5
7/25/73,22.5
7/24/73,22.5
7/24/73,22.5
7/24/73,22.5
7/24/73,22.5
7/24/73,22.5
7/24/73,22.5
7/24/73,22.5
7/24/73,22.5
7/24/73,22.5
7/24/73,22.5
7/24/73,22.5
7/24/73,22.5
7/24/73,22.5
7/25/73,22.5
7/25/73,22.5
7/25/73,22.5
7/24/73,22.5
7/25/73,22.5
7/24/73,22.5
7/25/73,22.5
7/25/73,22.5
7/25/73,22.5
7/25/73,22.5
7/24/73,22.5
7/25/73,22.5
7/25/73,22.5
7/25/73,22.5
7/25/73,22.5
7/25/73,22.5
7/25/73,22.5
7/25/73,22.5
7/24/73,22.5
7/25/73,22.5
7/25/73,22.5
7/25/73,22.5
7/25/73,22.5
7/25/73,22.5
7/25/73,22.5
7/25/73,22.5
7/25/73,22.5
7/25/73,22.5
7/25/73,22.5
7/25/73,22.5
7/25/73,22.5
7/25/73,22.5
7/25/73,22.5
7/25/73,22.5
7/25/73,22.5
7/24/73,22.5
7/25/73,22.5
7/25/73,22.5
7/24/73,22.5
7/25/73,22.5
7/25/73,22.5
7/25/73,22.5
7/25/73,22.5
7/25/73,22.5
7/25/73,22.5
7/25/73,22.5
7/25/73,22.5
7/25/73,22.5
7/25/73,22.5
7/25/73,22.5
7/25/73,22.5
7/25/73,22.5
7/25/73,22.5
7/25/73,22.5
7/24/73,22.5
7/25/73,22.5
7/25/73,22.5
7/24/73,22.5
7/25/73,22.5
7/24/73,22.5
7/24/73,22.5
7/25/73,22.5
7/25/73,22.5
7/25/73,22.5
7/25/73,22.5
7/25/73,22.5
7/25/73,22.5
7/25/73,22.5
7/25/73,22.5
7/25/73,22.5
7/25/73,22.5
8/17/92,22.5
7/25/73,22.5
8/17/92,22.5
7/25/73,22.5
7/25/73,22.5
7/25/73,22.5
7/25/73,22.5
7/25/73,22.5
8/17/92,22.5
7/25/73,22.5
7/25/73,22.5
7/25/73,22.5
8/17/92,22.5
7/24/73,22.5
8/17/92,22.5
7/26/73,22.5
7/24/73,22.5
7/26/73,22.5
7/26/73,22.5
7/26/73,22.5
7/25/73,22.5
7/24/73,22.5
7/25/73,22.5
8/17/92,22.5
7/25/73,22.5
7/24/73,22.5
7/24/73,22.5
7/25/73,22.5
7/26/73,22.5
7/26/73,22.5
7/26/73,22.5
7/25/73,22.5
7/26/73,22.5
7/26/73,22.5
7/26/73,22.5
7/26/73,22.5
7/26/73,22.5
7/24/73,22.5
7/25/73,22.5
7/26/73,22.5
7/26/73,22.5
7/26/73,22.5
7/26/73,22.5
7/26/73,22.5
7/24/73,22.5
7/26/73,22.5
7/25/73,22.5
7/25/73,22.5
7/24/73,22.5
7/24/73,22.5
7/26/73,22.5
7/26/73,22.5
7/26/73,22.5
7/26/73,22.5
7/25/73,22.5
9/2/82,22.5
9/2/82,22.5
7/24/73,22.5
7/24/73,22.5
7/24/73,22.5
7/25/73,22.5
7/24/73,22.5
7/24/73,22.5
7/23/79,22.5
7/24/73,22.5
7/24/73,22.5
7/24/73,22.5
7/25/73,22.6
7/25/73,22.6
7/26/73,22.6
7/24/73,22.6
7/24/73,22.6
7/25/73,22.6
7/24/73,22.6
8/20/82,22.6
7/23/73,22.6
7/23/73,22.6
7/25/73,22.6
7/23/73,22.6
7/26/73,22.6
7/26/73,22.6
7/26/73,22.6
7/26/73,22.6
7/25/73,22.6
7/23/73,22.6
7/23/73,22.6
7/23/73,22.6
7/23/73,22.6
7/23/73,22.6
7/23/73,22.6
7/23/73,22.6
7/26/73,22.6
7/25/73,22.6
8/19/82,22.6
7/24/73,22.6
8/17/92,22.6
7/23/73,22.6
8/17/92,22.6
7/24/73,22.6
7/23/73,22.6
9/15/82,22.6
7/25/73,22.6
7/24/73,22.6
7/15/02,22.6
7/26/73,22.6
7/24/73,22.6
7/23/73,22.6
7/23/73,22.6
7/24/73,22.6
7/23/73,22.6
7/24/73,22.6
7/24/73,22.6
7/24/73,22.6
7/23/73,22.6
7/26/73,22.6
9/15/82,22.6
7/26/73,22.6
7/26/73,22.6
7/25/73,22.6
7/26/73,22.6
7/23/73,22.6
7/26/73,22.6
7/24/85,22.6
7/24/73,22.6
7/26/73,22.6
7/24/73,22.6
7/26/73,22.6
7/26/73,22.6
7/25/73,22.6
7/26/73,22.6
7/25/73,22.6
7/24/73,22.6
7/26/73,22.6
7/23/73,22.6
7/23/73,22.6
7/26/73,22.6
7/26/73,22.6
7/26/73,22.6
7/25/73,22.6
7/26/73,22.6
7/26/73,22.6
7/26/73,22.6
7/24/73,22.6
7/26/73,22.6
7/26/73,22.6
7/24/73,22.6
8/19/82,22.6
7/26/73,22.6
7/24/73,22.6
7/25/73,22.6
7/26/73,22.6
7/25/73,22.6
7/26/73,22.6
7/26/73,22.6
7/24/73,22.6
7/23/73,22.6
7/24/73,22.6
7/16/01,22.6
7/23/73,22.6
7/26/73,22.6
7/24/73,22.6
7/24/73,22.6
7/24/73,22.6
8/6/74,22.6
7/24/73,22.6
7/26/73,22.6
7/24/73,22.6
7/24/73,22.6
7/23/73,22.6
7/24/73,22.6
7/24/73,22.6
7/23/73,22.6
7/26/73,22.6
7/25/73,22.6
7/24/73,22.6
7/24/73,22.6
7/24/73,22.6
8/7/74,22.6
7/23/73,22.6
7/24/73,22.6
7/26/73,22.6
7/26/73,22.6
7/26/73,22.6
7/26/73,22.6
7/26/73,22.6
7/26/73,22.6
7/24/73,22.6
7/26/73,22.6
7/23/73,22.6
7/26/73,22.6
7/26/73,22.6
7/26/73,22.6
7/24/73,22.6
7/26/73,22.6
7/26/73,22.6
7/26/73,22.6
7/24/73,22.6
7/24/73,22.6
7/24/73,22.6
7/23/73,22.6
7/24/73,22.6
9/2/82,22.6
7/23/73,22.6
7/24/73,22.6
7/26/73,22.6
7/9/14,22.6
7/26/73,22.8
7/25/73,22.8
7/25/73,22.8
7/26/73,22.8
7/24/73,22.8
7/23/73,22.8
8/7/74,22.8
7/25/73,22.8
7/24/73,22.8
7/25/73,22.8
7/25/73,22.8
7/26/73,22.8
7/25/73,22.8
7/25/73,22.8
7/25/73,22.8
7/24/73,22.8
7/25/73,22.8
7/24/73,22.8
7/24/73,22.8
7/26/73,22.8
7/26/73,22.8
7/24/73,22.8
7/26/73,22.8
7/24/73,22.8
7/26/73,22.8
7/26/73,22.8
7/25/73,22.8
7/26/73,22.8
7/26/73,22.8
7/26/73,22.8
8/6/74,22.8
7/24/73,22.8
7/26/73,22.8
7/26/73,22.8
7/26/73,22.8
7/26/73,22.8
7/24/73,22.8
7/26/73,22.8
8/6/74,22.8
7/24/73,22.8
8/7/74,22.8
7/24/73,22.8
7/24/73,22.8
8/6/74,22.8
7/23/73,22.8
7/23/73,22.8
7/23/73,22.8
7/23/73,22.8
7/23/73,22.8
7/25/73,22.8
7/24/73,22.8
8/7/74,22.8
7/26/73,22.8
7/26/73,22.8
7/23/73,22.8
7/26/73,22.8
7/26/73,22.8
7/25/73,22.8
7/26/73,22.8
7/23/73,22.8
7/23/73,22.8
7/23/73,22.8
7/23/73,22.8
8/7/74,22.8
7/23/73,22.8
7/25/73,22.8
7/23/73,22.8
7/23/73,22.8
7/25/73,22.8
7/24/73,22.8
7/26/73,22.8
7/23/19,22.8
8/21/12,22.8
7/24/73,22.9
8/6/74,22.9
8/6/74,22.9
8/20/03,22.9
7/7/92,22.9
8/7/74,22.9
7/20/82,22.9
7/24/73,22.9
7/24/73,22.9
7/24/73,2.3
7/10/07,23
7/24/73,23
7/24/73,23
8/6/74,23
7/24/73,23
7/24/73,23
7/24/73,23
8/6/74,23
8/6/74,23
8/6/74,23
7/25/73,23
8/6/74,23
7/25/73,23
7/25/73,23
7/25/73,23
7/25/73,23
7/25/73,23
8/6/74,23
8/6/74,23
8/6/74,23
8/6/74,23
7/25/73,23
8/6/74,23
7/25/73,23
8/6/74,23
7/25/73,23
8/7/74,23
8/6/74,23
8/6/74,23
8/6/74,23
8/6/74,23
8/6/74,23
8/6/74,23
7/26/73,23
7/26/73,23
8/6/74,23
7/26/73,23
7/26/73,23
7/26/73,23
8/6/74,23
7/26/73,23
7/26/73,23
7/26/73,23
7/26/73,23
7/26/73,23
8/6/74,23
7/26/73,23
7/24/73,23
8/6/74,23
8/6/74,23
8/6/74,23
7/25/73,23
7/25/73,23
7/25/73,23
7/25/73,23
7/25/73,23
7/25/73,23
7/25/73,23
8/6/74,23
7/25/73,23
7/25/73,23
7/25/73,23
7/26/73,23
8/6/74,23
7/26/73,23
7/26/73,23
7/26/73,23
7/21/82,23
8/6/74,23
8/6/74,23
8/6/74,23
8/6/74,23
8/6/74,23
8/6/74,23
8/6/74,23
7/24/73,23
7/24/73,23
8/6/74,23
7/24/73,23
7/24/73,23
7/25/73,23
7/25/73,23
8/7/74,23
8/7/74,23
8/6/74,23
8/6/74,23
8/7/74,23
8/7/74,23
8/6/74,23
8/7/74,23
8/6/74,23
8/7/74,23
8/6/74,23
8/6/74,23
8/7/74,23
8/6/74,23
8/7/74,23
8/7/74,23
8/7/74,23
8/6/74,23
8/7/74,23
8/7/74,23
8/7/74,23
8/7/74,23
8/6/74,23
8/6/74,23
8/7/74,23
8/6/74,23
8/6/74,23
8/7/74,23
8/7/74,23
8/6/74,23
8/7/74,23
8/7/74,23
8/7/74,23
8/7/74,23
8/7/74,23
8/7/74,23
8/7/74,23
8/7/74,23
8/7/74,23
8/7/74,23
8/7/74,23
8/7/74,23
8/7/74,23
8/7/74,23
8/7/74,23
8/7/74,23
8/6/74,23
8/6/74,23
8/6/74,23
8/6/74,23
8/6/74,23
8/6/74,23
8/6/74,23
8/7/74,23
8/6/74,23
8/6/74,23
8/7/74,23
8/6/74,23
8/7/74,23
8/7/74,23
8/6/74,23
8/6/74,23
8/7/74,23
8/7/74,23
8/6/74,23
8/6/74,23
8/6/74,23
9/15/82,23
9/15/82,23
8/7/74,23
8/7/74,23
8/7/74,23
8/6/74,23
8/6/74,23
8/7/74,23
8/6/74,23
8/7/74,23
8/7/74,23
8/6/74,23
8/7/74,23
8/7/74,23
8/7/74,23
8/6/74,23
8/7/74,23
8/7/74,23
8/7/74,23
8/7/74,23
8/6/74,23
8/6/74,23
8/6/74,23
8/6/74,23
8/6/74,23
8/6/74,23
7/26/73,23
7/26/73,23
6/22/82,23
8/6/74,23
8/6/74,23
8/6/74,23
8/6/74,23
7/25/73,23
7/25/73,23
7/25/73,23
7/25/73,23
7/25/73,23
7/25/73,23
7/25/73,23
7/25/73,23
7/25/73,23
8/6/74,23
7/25/73,23
7/25/73,23
7/25/73,23
7/25/73,23
7/25/73,23
7/25/73,23
7/24/73,23
7/24/73,23
7/24/73,23
7/24/73,23
7/24/73,23
8/6/74,23
7/24/73,23
7/24/73,23
7/24/73,23
7/24/73,23
7/24/73,23
7/24/73,23
8/6/74,23
7/24/73,23
7/24/73,23
7/24/73,23
8/6/74,23
7/24/73,23
7/24/73,23
7/24/73,23
7/24/73,23
7/24/73,23
7/24/73,23
8/6/74,23
7/24/73,23
7/24/73,23
8/6/74,23
7/24/73,23
8/6/74,23
8/6/74,23
8/6/74,23
8/7/74,23000
7/25/73,23.1
7/25/73,23.1
8/6/74,23.1
8/6/74,23.1
8/7/74,23.1
7/16/03,23.1
8/6/74,23.1
8/7/74,23.1
8/6/74,23.1
8/7/74,23.1
8/7/74,23.1
8/6/74,23.1
8/6/74,23.1
8/20/82,23.1
8/7/74,23.1
8/7/74,23.1
8/7/74,23.1
8/7/74,23.1
7/24/73,23.1
7/24/73,23.1
8/7/74,23.1
8/7/74,23.1
8/7/74,23.1
8/7/74,23.1
8/6/74,23.1
8/17/92,23.1
8/6/74,23.1
7/25/73,23.1
7/23/73,23.1
7/27/73,23.2
8/7/74,23.2
8/7/74,23.2
8/7/74,23.2
7/26/73,23.2
7/26/73,23.2
7/26/73,23.2
7/26/73,23.2
7/26/73,23.2
7/26/73,23.2
7/27/73,23.2
7/27/73,23.2
7/25/73,23.2
7/24/73,23.2
7/25/73,23.2
8/6/74,23.2
8/6/74,23.2
7/25/73,23.2
7/27/73,23.2
7/27/73,23.2
8/6/74,23.2
7/27/73,23.2
8/7/74,23.2
8/6/74,23.2
8/7/74,23.2
7/27/73,23.2
8/7/74,23.2
8/6/74,23.2
7/27/73,23.2
8/6/74,23.2
8/6/74,23.2
8/7/74,23.2
8/7/74,23.2
8/7/74,23.2
7/27/73,23.2
8/7/74,23.2
7/27/73,23.2
7/27/73,23.2
7/27/73,23.2
8/6/74,23.2
7/27/73,23.2
7/27/73,23.2
8/7/74,23.2
7/27/73,23.2
8/6/74,23.2
7/26/73,23.2
8/6/74,23.2
8/6/74,23.2
8/13/01,23.2
8/7/74,23.2
8/7/74,23.2
8/6/74,23.2
7/24/73,23.2
8/7/74,23.2
8/6/74,23.2
7/25/73,23.2
8/7/74,23.2
8/7/74,23.2
7/25/73,23.2
7/25/73,23.2
7/25/73,23.2
7/25/73,23.2
8/6/74,23.2
8/7/74,23.2
8/6/74,23.2
8/7/74,23.2
8/7/74,23.2
7/21/82,23.2
7/26/73,23.2
7/25/73,23.2
7/25/73,23.2
8/19/82,23.2
7/25/73,23.2
7/25/73,23.2
8/7/74,23.2
8/7/74,23.2
8/7/74,23.2
8/7/74,23.2
8/6/74,23.2
8/7/74,23.2
7/25/73,23.2
7/25/73,23.2
7/25/73,23.2
8/7/74,23.2
7/24/73,23.2
8/7/74,23.2
7/24/73,23.2
7/24/73,23.2
8/6/74,23.2
7/24/73,23.2
7/26/73,23.2
8/6/74,23.2
8/6/74,23.2
8/7/74,23.2
8/7/74,23.2
8/6/74,23.2
8/6/74,23.2
8/6/74,23.2
8/6/74,23.2
8/6/74,23.2
8/7/74,23.2
8/7/74,23.2
8/7/74,23.2
8/6/74,23.2
7/26/73,23.2
7/26/73,23.2
8/6/74,23.2
8/7/74,23.2
8/7/74,23.2
9/2/82,23.2
8/6/74,23.2
8/6/74,23.2
8/6/74,23.2
7/26/73,23.2
8/6/74,23.2
8/7/74,23.3
8/7/74,23.3
7/23/73,23.3
8/7/74,23.3
8/6/74,23.3
7/26/73,23.3
8/7/74,23.3
8/7/74,23.3
7/23/73,23.3
8/7/74,23.3
7/23/73,23.3
8/7/74,23.3
7/23/73,23.3
8/7/74,23.3
7/23/73,23.3
8/7/74,23.3
8/7/74,23.3
8/7/74,23.3
8/7/74,23.3
8/6/74,23.3
8/7/74,23.3
7/23/14,23.3
7/26/73,23.4
7/25/73,23.4
8/6/74,23.4
7/23/73,23.4
7/26/73,23.4
7/26/73,23.4
7/26/73,23.4
7/23/73,23.4
8/7/74,23.4
8/6/74,23.4
7/26/73,23.4
7/27/73,23.4
7/26/73,23.4
7/24/73,23.4
7/23/73,23.4
8/6/74,23.4
7/23/73,23.4
7/23/73,23.4
7/26/73,23.4
7/24/73,23.4
7/24/73,23.4
7/26/73,23.4
8/7/74,23.4
8/7/74,23.4
8/7/74,23.4
8/19/15,23.4
8/3/16,23.5
8/7/74,23.5
8/7/74,23.5
8/6/74,23.5
8/7/74,23.5
8/6/74,23.5
8/6/74,23.5
8/6/74,23.5
8/7/74,23.5
8/6/74,23.5
8/6/74,23.5
8/7/74,23.5
8/6/74,23.5
8/7/74,23.5
8/6/74,23.5
8/6/74,23.5
8/6/74,23.5
8/7/74,23.5
8/6/74,23.5
8/7/74,23.5
8/6/74,23.5
8/6/74,23.5
8/6/74,23.5
8/6/74,23.5
8/7/74,23.5
8/7/74,23.5
8/6/74,23.5
8/6/74,23.5
8/6/74,23.5
8/7/74,23.5
8/7/74,23.5
8/7/74,23.5
8/7/74,23.5
8/7/74,23.5
8/6/74,23.5
8/7/74,23.5
8/7/74,23.5
8/7/74,23.5
8/7/74,23.5
7/24/73,23.5
7/21/82,23.5
8/7/74,23.5
8/6/74,23.5
8/7/74,23.5
8/6/74,23.5
8/6/74,23.5
8/6/74,23.5
8/6/74,23.5
8/6/74,23.5
8/7/74,23.5
8/6/74,23.5
8/7/74,23.5
8/7/74,23.5
8/7/74,23.5
8/6/74,23.5
8/7/74,23.5
8/7/74,23.5
7/24/73,23.5
7/25/73,23.5
8/7/74,23.5
8/6/74,23.5
8/7/74,23.5
7/24/73,23.5
8/6/74,23.5
8/7/74,23.5
8/7/74,23.5
8/6/74,23.5
8/6/74,23.5
8/7/74,23.5
8/6/74,23.5
8/7/74,23.5
8/7/74,23.5
8/7/74,23.5
8/7/74,23.5
8/6/74,23.5
8/6/74,23.5
8/6/74,23.5
8/6/74,23.5
8/6/74,23.5
8/6/74,23.5
8/6/74,23.5
8/6/74,23.5
8/6/74,23.5
8/7/74,23.5
8/7/74,23.5
8/6/74,23.5
8/6/74,23.5
8/6/74,23.5
8/6/74,23.5
8/7/74,23.5
8/6/74,23.5
8/6/74,23.5
8/6/74,23.5
8/6/74,23.5
8/6/74,23.5
8/6/74,23.5
8/6/74,23.5
8/6/74,23.5
8/6/74,23.5
8/6/74,23.5
8/6/74,23.5
8/6/74,23.5
8/6/74,23.5
8/6/74,23.5
8/6/74,23.5
8/7/74,23.5
8/6/74,23.5
8/7/74,23.5
8/6/74,23.5
8/6/74,23.5
8/6/74,23.5
8/6/74,23.5
8/6/74,23.5
8/6/74,23.5
8/6/74,23.5
8/6/74,23.5
8/6/74,23.5
8/6/74,23.5
8/7/74,23.5
8/7/74,23.5
8/6/74,23.5
8/7/74,23.5
8/7/74,23.5
8/6/74,23.5
8/6/74,23.5
8/7/74,23.5
8/7/74,23.5
8/6/74,23.5
8/6/74,23.5
8/7/74,23.5
8/7/74,23.5
8/7/74,23.5
8/6/74,23.5
8/7/74,23.5
8/7/74,23.5
8/7/74,23.5
8/6/74,23.5
8/6/74,23.5
8/6/74,23.5
8/7/74,23.5
8/6/74,23.5
8/6/74,23.5
8/6/74,23.5
8/6/74,23.5
8/6/74,23.5
8/7/74,23.5
8/7/74,23.5
8/6/74,23.5
8/6/74,23.5
8/7/74,23.5
8/7/74,23.5
8/7/74,23.5
8/7/74,23.5
8/7/74,23.5
8/7/74,23.5
8/7/74,23.5
8/7/74,23.5
8/7/74,23.5
8/7/74,23.5
8/7/74,23.5
8/7/74,23.5
8/7/74,23.5
8/7/74,23.5
8/7/74,23.5
8/7/74,23.5
8/20/82,23.5
8/7/74,23.5
8/16/04,23.5
8/7/74,23.5
8/7/74,23.5
8/7/74,23.5
8/7/74,23.5
8/7/74,23.5
8/7/74,23.5
8/7/74,23.5
8/7/74,23.5
8/7/74,23.5
8/7/74,23.5
8/7/74,23.5
8/7/74,23.5
8/7/74,23.5
8/6/74,23.5
8/7/74,23.5
8/7/74,23.5
8/7/74,23.5
8/7/74,23.5
8/7/74,23.5
8/7/74,23.5
8/7/74,23.5
8/7/74,23.5
8/7/74,23.5
8/7/74,23.5
8/7/74,23.5
8/7/74,23.5
8/6/74,23.5
8/7/74,23.5
8/7/74,23.5
8/6/74,23.5
8/7/74,23.5
8/7/74,23.5
8/7/74,23.5
8/7/74,23.5
8/7/74,23.5
8/7/74,23.5
8/7/74,23.5
8/7/74,23.5
8/7/74,23.5
8/7/74,23.5
8/7/74,23.5
8/7/74,23.5
8/7/74,23.5
8/7/74,23.5
8/7/74,23.5
8/7/74,23.5
8/7/74,23.5
8/7/74,23.5
8/7/74,23.5
8/7/74,23.5
8/7/74,23.5
8/7/74,23.5
8/7/74,23.5
8/7/74,23.5
8/7/74,23.5
8/7/74,23.5
8/6/74,23.5
8/7/74,23.5
8/6/74,23.5
8/7/74,23.5
8/7/74,23.5
8/7/74,23.5
8/7/74,23.5
8/6/74,23.5
8/7/74,23.5
8/6/74,23.5
8/6/74,23.5
8/6/74,23.5
8/6/74,23.5
8/7/74,23.5
8/6/74,23.5
8/20/82,23.5
7/24/73,23.5
8/7/74,23.5
8/7/74,23.5
8/6/74,23.5
7/26/73,23.6
8/6/74,23.6
7/25/73,23.6
8/7/74,23.6
8/7/74,23.6
7/26/73,23.6
7/26/73,23.6
7/27/73,23.6
8/6/74,23.6
7/26/73,23.6
7/25/73,23.6
8/7/74,23.6
7/26/73,23.6
7/26/73,23.6
7/24/73,23.6
7/24/73,23.6
7/26/73,23.6
7/24/73,23.6
7/24/73,23.6
7/24/73,23.6
7/24/73,23.6
7/24/73,23.6
7/24/73,23.6
7/20/82,23.6
7/24/73,23.6
8/7/74,23.7
8/7/74,23.8
8/6/74,23.8
8/7/74,23.7
8/7/74,23.7
8/7/74,23.7
8/7/74,23.7
7/27/73,23.8
8/7/74,23.8
8/6/74,23.8
8/7/74,23.8
8/6/74,23.8
8/7/74,23.8
8/6/74,23.8
8/6/74,23.8
7/26/73,23.8
8/7/74,23.8
7/24/73,23.8
7/26/73,23.8
8/6/74,23.8
8/7/74,23.8
7/24/73,23.8
8/6/74,23.8
7/26/73,23.8
8/7/74,23.8
8/6/74,23.8
8/7/74,23.8
8/6/74,23.8
8/6/74,23.8
8/6/74,23.8
8/6/74,23.8
8/7/74,23.8
8/6/74,23.8
7/25/73,23.8
8/6/74,23.8
8/7/74,23.8
8/6/74,23.8
8/7/74,23.8
7/25/73,23.8
8/6/74,23.8
8/7/74,23.8
8/6/74,23.8
8/6/74,23.8
8/6/74,23.8
8/4/05,23.8
8/7/74,23.8
8/6/74,23.8
8/6/74,23.8
8/6/74,23.8
8/7/74,23.8
8/6/74,23.8
8/7/74,23.8
8/7/74,23.8
8/6/74,23.8
8/7/74,23.8
8/6/74,23.8
8/7/74,23.8
8/7/74,23.8
8/7/74,23.8
8/6/74,23.8
8/7/74,23.8
8/6/74,23.8
8/7/74,23.8
8/7/74,23.8
8/6/74,23.8
8/6/74,23.8
8/7/74,23.8
8/6/19,23.8
7/20/82,23.9
8/6/74,23.9
8/7/74,23.9
8/7/74,23.9
8/7/74,23.9
1/31/07,2.4
12/14/05,2.4
8/7/74,24
8/7/74,24
8/6/74,24
8/6/74,24
8/6/74,24
8/6/74,24
8/6/74,24
8/6/74,24
8/6/74,24
8/6/74,24
8/7/74,24
8/7/74,24
8/7/74,24
8/7/74,24
8/7/74,24
8/7/74,24
8/7/74,24
8/6/74,24
8/6/74,24
8/6/74,24
8/6/74,24
8/6/74,24
8/7/74,24
8/7/74,24
8/7/74,24
8/7/74,24
8/7/74,24
8/7/74,24
7/24/73,24
7/27/73,24
7/27/73,24
7/27/73,24
7/27/73,24
7/26/73,24
7/25/73,24
7/25/73,24
7/25/73,24
7/24/73,24
7/25/73,24
8/13/81,24
6/22/82,24
7/20/82,24
8/7/74,24
8/7/74,24
8/7/74,24
8/7/74,24
8/7/74,24
8/7/74,24
8/7/74,24
8/7/74,24
8/7/74,24
8/7/74,24
8/7/74,24
8/7/74,24
8/7/74,24
8/7/74,24
8/7/74,24
8/7/74,24
8/6/74,24
8/6/74,24
8/6/74,24
8/6/74,24
8/6/74,24
8/6/74,24
8/6/74,24
8/6/74,24
8/6/74,24
8/6/74,24
8/6/74,24
8/6/74,24
8/6/74,24
8/6/74,24
8/6/74,24
8/6/74,24
8/6/74,24
8/6/74,24
8/6/74,24
8/6/74,24
8/6/74,24
8/6/74,24
8/6/74,24
8/6/74,24
8/6/74,24
8/6/74,24
8/6/74,24
8/6/74,24
8/6/74,24
8/6/74,24
8/6/74,24
8/6/74,24
8/6/74,24
8/6/74,24
8/6/74,24
8/7/74,24
8/7/74,24
8/7/74,24
8/7/74,24
8/7/74,24
8/7/74,24
8/7/74,24
8/7/74,24
8/7/74,24
8/7/74,24
8/7/74,24
8/7/74,24
8/7/74,24.1
7/24/73,24.2
7/24/73,24.2
7/25/73,24.2
7/25/94,24.2
8/6/74,24.2
7/27/73,24.2
8/7/74,24.2
8/7/74,24.2
8/19/82,24.3
8/6/74,24.3
8/6/74,24.3
8/6/74,24.3
8/7/74,24.5
8/7/74,24.5
8/7/74,24.5
8/7/74,24.5
8/7/74,24.5
8/7/74,24.5
8/6/74,24.5
8/6/74,24.5
8/6/74,24.5
8/7/74,24.5
8/6/74,24.5
8/6/74,24.5
8/6/74,24.5
8/7/74,24.5
8/6/74,24.6
8/19/82,24.6
8/9/17,24.6
8/1/18,24.7
8/7/74,24.8
8/6/74,24.8
7/20/82,25
7/20/82,25
7/20/82,25
8/7/74,25
7/20/82,25
8/7/74,25
8/7/74,25
8/7/74,25
8/6/74,25
8/7/74,25
9/16/82,25
8/6/74,25
9/16/82,25
7/20/82,25.1
7/20/82,25.2
8/6/74,25.2
8/5/82,25.5
7/20/82,25.5
8/19/82,25.9
8/20/82,26
7/20/82,26
7/20/82,26
8/19/82,26.1
8/20/82,26.1
8/19/82,26.2
8/19/82,26.2
8/20/82,26.3
8/19/82,26.4
8/20/82,26.7
8/5/82,26.8
7/20/82,26.8
8/5/82,27.5
1/28/09,2.8
1/17/01,2.9
9/2/82,30
11/24/82,3.1
11/24/82,3.1
1/16/01,3.1
2/12/01,3.1
12/28/99,3.3
1/19/79,3.6
2/16/09,3.7
1/15/02,3.8
11/24/82,4
1/31/77,4
1/7/77,4
2/27/02,4
2/22/10,4.1
12/18/00,4.2
12/19/84,4.3
2/12/02,4.5
2/11/03,4.6
2/14/94,4.8
12/2/15,4.8
12/20/11,4.8
1/22/08,4.8
1/18/00,4.8
12/27/17,4.9
12/18/13,4.9
1/29/01,4.9
1/28/97,4.9
1/21/14,5
12/2/09,5
2/13/08,5.3
11/20/00,5.3
12/21/16,5.4
2/17/09,5.4
11/29/07,5.4
1/28/13,5.5
2/17/05,5.5
2/2/76,5.5
1/25/99,5.5
1/23/07,5.6
1/18/02,5.6
3/11/19,5.6
3/24/03,5.6
1/25/93,5.7
1/25/93,5.7
1/25/93,5.7
1/25/93,5.7
1/25/93,5.7
1/25/93,5.7
1/25/93,5.7
1/25/93,5.7
1/25/93,5.7
1/25/93,5.7
1/25/93,5.7
1/25/93,5.7
4/13/98,5.7
12/16/09,5.7
3/18/09,5.7
11/5/03,5.7
3/24/08,5.8
3/15/06,5.8
12/19/06,5.8
2/7/80,5.8
12/30/77,5.8
2/22/11,5.9
2/7/75,5.9
2/27/76,5.9
3/25/02,6
12/20/83,6
2/23/98,6.1
12/19/02,6.1
2/8/99,6.1
12/11/01,6.1
2/23/09,6.1
3/8/99,6.2
2/9/17,6.3
2/13/02,6.3
3/12/08,6.3
1/31/19,6.4
3/1/06,6.4
12/14/99,6.4
1/16/99,6.4
1/4/99,6.4
1/31/89,6.4
12/19/07,6.5
1/26/99,6.5
12/9/82,6.5
1/28/87,6.5
12/17/97,6.6
2/25/94,6.6
12/22/97,6.6
3/11/02,6.6
3/10/04,6.6
3/31/04,6.6
12/11/02,6.7
2/25/13,6.7
3/7/17,6.7
12/21/10,6.8
12/17/12,6.8
3/3/09,6.9
12/8/04,6.9
2/12/79,6.9
2/3/04,6.9
12/7/10,7
3/12/01,7
2/9/98,7
3/14/00,7
4/16/08,7
1/5/10,7
12/14/98,7
2/14/00,7
12/16/76,7
1/6/81,7
12/10/97,7
6/6/17,7.1
1/18/90,7.1
2/21/12,7.1
1/25/10,7.1
11/7/01,7.2
3/30/98,7.2
1/22/98,7.2
1/14/03,7.2
12/18/19,7.2
3/20/12,7.2
1/16/80,7.2
2/24/04,7.2
3/8/18,7.3
1/15/03,7.3
11/22/96,7.3
12/17/01,7.3
12/29/97,7.3
3/8/11,7.4
3/6/95,7.4
3/6/95,7.4
3/6/95,7.4
3/6/95,7.4
3/6/95,7.4
11/30/98,7.5
3/9/98,7.5
11/24/75,7.5
3/4/82,7.5
3/6/95,7.5
3/6/95,7.5
3/6/95,7.5
3/6/95,7.5
3/6/95,7.5
3/6/95,7.5
3/6/95,7.5
3/6/95,7.5
11/9/98,7.6
1/9/20,7.6
2/26/14,7.6
3/18/08,7.7
1/11/94,7.7
3/25/13,7.8
12/1/09,7.8
3/11/97,7.9
4/11/07,7.9
4/11/05,7.9
3/1/05,7.9
4/12/99,8
12/4/07,8
4/27/09,8
12/3/01,8
2/21/17,8
11/20/18,8.1
12/30/98,8.1
12/13/99,8.1
11/30/88,8.1
1/19/10,8.1
3/7/75,8.2
3/30/99,8.2
11/3/99,8.2
3/16/10,8.2
11/5/19,8.2
1/26/16,8.2
11/14/00,8.3
3/16/05,8.3
12/8/99,8.3
1/14/99,8.3
12/13/06,8.4
4/15/03,8.4
3/11/03,8.4
1/13/00,8.4
3/30/88,8.4
11/29/89,8.4
3/25/75,8.5
3/14/00,8.5
2/10/98,8.5
3/4/98,8.5
11/8/00,8.6
11/19/01,8.6
1/15/99,8.6
11/26/01,8.6
3/26/19,8.6
3/19/87,8.7
3/20/89,8.7
1/9/96,8.7
3/6/07,8.7
1/15/99,8.7
12/6/99,8.7
4/11/00,8.8
4/19/11,8.8
12/2/08,8.8
3/12/14,8.8
4/2/76,8.8
10/25/06,8.9
3/9/16,8.9
3/22/76,9
3/25/77,9
3/4/81,9
2/20/77,9
12/5/99,9
4/8/09,9.1
5/10/06,9.1
4/26/06,9.1
4/29/03,9.1
4/22/08,9.1
3/15/93,9.2
11/24/98,9.2
12/3/12,9.2
11/15/11,9.3
12/1/08,9.3
3/17/03,9.4
3/23/16,9.4
11/20/13,9.4
3/2/10,9.4
11/20/86,9.5
11/16/17,9.5
10/14/09,9.5
10/27/04,9.5
6/11/08,9.6
11/12/02,9.7
4/3/18,9.8
11/12/02,9.8
9/24/96,9.9
11/16/10,9.9
4/15/93,9.9
